KIDS;0001425450;ORTHOPEDIATRICS CORP;OrthoPediatrics Corp
KIM;0000879101;KIMCO REALTY CORP;Kimco Realty Corp
KIN;0001561743;KINDRED BIOSCIENCES INC;Kindred Biosciences Inc
KINS;0000033992;KINGSTONE COS INC;Kingstone Cos Inc
KIRK;0001056285;KIRKLAND'S INC;Kirkland's Inc
KLAC;0000319201;KLA-TENCOR CORP;KLA-Tencor Corp
KLDX;0001311605;KLONDEX MINES LTD;Klondex Mines Ltd
KLXI;0001617898;KLX INC;KLX Inc
KMB;0000055785;KIMBERLY-CLARK CORP;Kimberly-Clark Corp
KMG;0001028215;KMG CHEMICALS INC;KMG Chemicals Inc
KMI;0001506307;KINDER MORGAN INC;Kinder Morgan Inc/DE
KMPR;0000860748;KEMPER CORP;Kemper Corp
KMT;0000055242;KENNAMETAL INC;Kennametal Inc
KMX;0001170010;CARMAX INC;CarMax Inc
KN;0001587523;KNOWLES CORP;Knowles Corp
KND;0001060009;KINDRED HEALTHCARE INC;Kindred Healthcare Inc
KNL;0001011570;KNOLL INC;Knoll Inc
KNSL;0001669162;KINSALE CAPITAL GROUP INC;Kinsale Capital Group Inc
KNX;0001492691;KNIGHT-SWIFT TRANSPORTATION;Knight-Swift Transportation Ho
KO;0000021344;COCA-COLA CO/THE;Coca-Cola Co/The
KODK;0000031235;EASTMAN KODAK CO;Eastman Kodak Co
KOP;0001315257;KOPPERS HOLDINGS INC;Koppers Holdings Inc
KOPN;0000771266;KOPIN CORP;Kopin Corp
KORS;0001530721;MICHAEL KORS HOLDINGS LTD;Michael Kors Holdings Ltd
KOS;0001509991;KOSMOS ENERGY LTD;Kosmos Energy Ltd
KPTI;0001503802;KARYOPHARM THERAPEUTICS INC;Karyopharm Therapeutics Inc
KR;0000056873;KROGER CO;Kroger Co/The
KRA;0001321646;KRATON CORP;Kraton Corp
KRC;0001025996;KILROY REALTY CORP;Kilroy Realty Corp
KREF;0001631596;KKR REAL ESTATE FINANCE TRUS;KKR Real Estate Finance Trust
KRG;0001286043;KITE REALTY GROUP TRUST;Kite Realty Group Trust
KRNY;0001617242;KEARNY FINANCIAL CORP/MD;Kearny Financial Corp/MD
KRO;0001257640;KRONOS WORLDWIDE INC;Kronos Worldwide Inc
KS;0001325281;KAPSTONE PAPER AND PACKAGING;KapStone Paper and Packaging C
KSS;0000885639;KOHLS CORP;Kohl's Corp
KSU;0000054480;KANSAS CITY SOUTHERN;Kansas City Southern
KTOS;0001069258;KRATOS DEFENSE & SECURITY;Kratos Defense & Security Solu
KTWO;0001499807;K2M GROUP HOLDINGS INC;K2M Group Holdings Inc
KURA;0001422143;KURA ONCOLOGY INC;Kura Oncology Inc
KVHI;0001007587;KVH INDUSTRIES INC;KVH Industries Inc
KW;0001408100;KENNEDY-WILSON HOLDINGS INC;Kennedy-Wilson Holdings Inc
KWR;0000081362;QUAKER CHEMICAL CORP;Quaker Chemical Corp
L;0000060086;LOEWS CORP;Loews Corp
LABL;0000819220;MULTI-COLOR CORP;Multi-Color Corp
LAD;0001023128;LITHIA MOTORS INC-CL A;Lithia Motors Inc
LADR;0001577670;LADDER CAPITAL CORP-REIT;Ladder Capital Corp
LAMR;0001090425;LAMAR ADVERTISING CO-A;Lamar Advertising Co
LANC;0000057515;LANCASTER COLONY CORP;Lancaster Colony Corp
LAUR;0000912766;LAUREATE EDUCATION INC-A;Laureate Education Inc
LAWS;0000703604;LAWSON PRODUCTS INC;Lawson Products Inc/DE
LAYN;0000888504;LAYNE CHRISTENSEN COMPANY;Layne Christensen Co
LAZ;0001311370;LAZARD LTD-CL A;Lazard Ltd
LB;0000701985;L BRANDS INC;L Brands Inc
LBAI;0000846901;LAKELAND BANCORP INC;Lakeland Bancorp Inc
LBC;0001475348;LUTHER BURBANK CORP;Luther Burbank Corp
LBRDA;0001611983;LIBERTY BROADBAND-A;Liberty Broadband Corp
LBRDK;0001611983;LIBERTY BROADBAND-C;Liberty Broadband Corp
LBRT;0001694028;LIBERTY OILFIELD SERVICES -A;Liberty Oilfield Services Inc
LBY;0000902274;LIBBEY INC;Libbey Inc
LC;0001409970;LENDINGCLUB CORP;LendingClub Corp
LCI;0000057725;LANNETT CO INC;Lannett Co Inc
LCII;0000763744;LCI INDUSTRIES;LCI Industries
LCNB;0001074902;LCNB CORPORATION;LCNB Corp
LCUT;0000874396;LIFETIME BRANDS INC;Lifetime Brands Inc
LDL;0000060977;LYDALL INC;Lydall Inc
LDOS;0001336920;LEIDOS HOLDINGS INC;Leidos Holdings Inc
LE;0000799288;LANDS' END INC;Lands' End Inc
LEA;0000842162;LEAR CORP;Lear Corp
LECO;0000059527;LINCOLN ELECTRIC HOLDINGS;Lincoln Electric Holdings Inc
LEG;0000058492;LEGGETT & PLATT INC;Leggett & Platt Inc
LEN;0000920760;LENNAR CORP-A;Lennar Corp
LEN/B;0000920760;LENNAR CORP - B SHS;Lennar Corp
LEXEA;0001669600;LIBERTY EXPEDIA HOLD-A;Liberty Expedia Holdings Inc
LFGR;0001365038;LEAF GROUP LTD;Leaf Group Ltd
LFUS;0000889331;LITTELFUSE INC;Littelfuse Inc
LGF/A;0001337587;LIONS GATE ENTERTAINMENT-A;Lions Gate Entertainment Corp
LGF/B;0001337587;LIONS GATE ENTERTAINMENT-B;Lions Gate Entertainment Corp
LGIH;0001580670;LGI HOMES INC;LGI Homes Inc
LGND;0000886163;LIGAND PHARMACEUTICALS;Ligand Pharmaceuticals Inc
LH;0000920148;LABORATORY CRP OF AMER HLDGS;Laboratory Corp of America Hol
LHCG;0001303313;LHC GROUP INC;LHC Group Inc
LHO;0001053532;LASALLE HOTEL PROPERTIES;LaSalle Hotel Properties
LII;0001069202;LENNOX INTERNATIONAL INC;Lennox International Inc
LIND;0001512499;LINDBLAD EXPEDITIONS HOLDING;Lindblad Expeditions Holdings
LION;0000822662;FIDELITY SOUTHERN CORP;Fidelity Southern Corp
LITE;0001633978;LUMENTUM HOLDINGS INC;Lumentum Holdings Inc
LIVN;0001639691;LIVANOVA PLC;LivaNova PLC
LJPC;0000920465;LA JOLLA PHARMACEUTICAL CO;La Jolla Pharmaceutical Co
LKFN;0000721994;LAKELAND FINANCIAL CORP;Lakeland Financial Corp
LKQ;0001065696;LKQ CORP;LKQ Corp
LKSD;0001669812;LSC COMMUNICATIONS INC;LSC Communications Inc
LL;0001396033;LUMBER LIQUIDATORS HOLDINGS;Lumber Liquidators Holdings In
LLEX;0001437557;LILIS ENERGY INC;Lilis Energy Inc
LLL;0001039101;L3 TECHNOLOGIES INC;L3 Technologies Inc
LLNW;0001391127;LIMELIGHT NETWORKS INC;Limelight Networks Inc
LLY;0000059478;ELI LILLY & CO;Eli Lilly & Co
LM;0000704051;LEGG MASON INC;Legg Mason Inc
LMAT;0001158895;LEMAITRE VASCULAR INC;LeMaitre Vascular Inc
LMNR;0001342423;LIMONEIRA CO;Limoneira Co
LMNX;0001033905;LUMINEX CORP;Luminex Corp
LMT;0000936468;LOCKHEED MARTIN CORP;Lockheed Martin Corp
LNC;0000059558;LINCOLN NATIONAL CORP;Lincoln National Corp
LNDC;0001005286;LANDEC CORP;Landec Corp
LNG;0000003570;CHENIERE ENERGY INC;Cheniere Energy Inc
LNN;0000836157;LINDSAY CORP;Lindsay Corp
LNT;0000352541;ALLIANT ENERGY CORP;Alliant Energy Corp
LNTH;0001521036;LANTHEUS HOLDINGS INC;Lantheus Holdings Inc
LOB;0001462120;LIVE OAK BANCSHARES INC;Live Oak Bancshares Inc
LOCO;0001606366;EL POLLO LOCO HOLDINGS INC;El Pollo Loco Holdings Inc
LOGM;0001420302;LOGMEIN INC;LogMeIn Inc
LOPE;0001434588;GRAND CANYON EDUCATION INC;Grand Canyon Education Inc
LORL;0001006269;LORAL SPACE & COMMUNICATIONS;Loral Space & Communications I
LOW;0000060667;LOWE'S COS INC;Lowe's Cos Inc
LOXO;0001581720;LOXO ONCOLOGY INC;Loxo Oncology Inc
LPG;0001596993;DORIAN LPG LTD;Dorian LPG Ltd
LPI;0001528129;LAREDO PETROLEUM INC;Laredo Petroleum Inc
LPLA;0001397911;LPL FINANCIAL HOLDINGS INC;LPL Financial Holdings Inc
LPNT;0001301611;LIFEPOINT HEALTH INC;LifePoint Health Inc
LPSN;0001102993;LIVEPERSON INC;LivePerson Inc
LPT;0000921112;LIBERTY PROPERTY TRUST;Liberty Property Trust
LPX;0000060519;LOUISIANA-PACIFIC CORP;Louisiana-Pacific Corp
LQ;0001594617;LA QUINTA HOLDINGS INC;La Quinta Holdings Inc
LQDT;0001235468;LIQUIDITY SERVICES INC;Liquidity Services Inc
LRCX;0000707549;LAM RESEARCH CORP;Lam Research Corp
LRN;0001157408;K12 INC;K12 Inc
LSCC;0000855658;LATTICE SEMICONDUCTOR CORP;Lattice Semiconductor Corp
LSI;0000944314;LIFE STORAGE INC;Life Storage Inc
LSTR;0000853816;LANDSTAR SYSTEM INC;Landstar System Inc
LSXMA;#N/A Field Not Applicable;LIBERTY MEDIA COR-SIRIUSXM A;Liberty Media Corp-Liberty Sir
LSXMK;#N/A Field Not Applicable;LIBERTY MEDIA COR-SIRIUSXM C;Liberty Media Corp-Liberty Sir
LTC;0000887905;LTC PROPERTIES INC;LTC Properties Inc
LTRPA;0001606745;LIBERTY TRIPADVISOR HDG-A;Liberty TripAdvisor Holdings I
LTS;0001029730;LADENBURG THALMANN FINANCIAL;Ladenburg Thalmann Financial S
LTXB;0001487052;LEGACYTEXAS FINANCIAL GROUP;LegacyTexas Financial Group In
LUK;0000096223;LEUCADIA NATIONAL CORP;Leucadia National Corp
LULU;0001397187;LULULEMON ATHLETICA INC;Lululemon Athletica Inc
LUV;0000092380;SOUTHWEST AIRLINES CO;Southwest Airlines Co
LVS;0001300514;LAS VEGAS SANDS CORP;Las Vegas Sands Corp
LW;0001679273;LAMB WESTON HOLDINGS INC;Lamb Weston Holdings Inc
LWAY;0000814586;LIFEWAY FOODS INC;Lifeway Foods Inc
LXP;0000910108;LEXINGTON REALTY TRUST;Lexington Realty Trust
LXRX;0001062822;LEXICON PHARMACEUTICALS INC;Lexicon Pharmaceuticals Inc
LXU;0000060714;LSB INDUSTRIES INC;LSB Industries Inc
LYB;0001489393;LYONDELLBASELL INDU-CL A;LyondellBasell Industries NV
LYTS;0000763532;LSI INDUSTRIES INC;LSI Industries Inc
LYV;0001335258;LIVE NATION ENTERTAINMENT IN;Live Nation Entertainment Inc
LZB;0000057131;LA-Z-BOY INC;La-Z-Boy Inc
M;0000794367;MACY'S INC;Macy's Inc
MA;0001141391;MASTERCARD INC - A;Mastercard Inc
MAA;0000912595;MID-AMERICA APARTMENT COMM;Mid-America Apartment Communit
MAC;0000912242;MACERICH CO/THE;Macerich Co/The
MACK;0001274792;MERRIMACK PHARMACEUTICALS IN;Merrimack Pharmaceuticals Inc
MAN;0000871763;MANPOWERGROUP INC;ManpowerGroup Inc
MANH;0001056696;MANHATTAN ASSOCIATES INC;Manhattan Associates Inc
MANT;0000892537;MANTECH INTERNATIONAL CORP-A;ManTech International Corp/VA
MAR;0001048286;MARRIOTT INTERNATIONAL -CL A;Marriott International Inc/MD
MAS;0000062996;MASCO CORP;Masco Corp
MASI;0000937556;MASIMO CORP;Masimo Corp
MAT;0000063276;MATTEL INC;Mattel Inc
MATW;0000063296;MATTHEWS INTL CORP-CLASS A;Matthews International Corp
MATX;0000003453;MATSON INC;Matson Inc
MB;0001458962;MINDBODY INC - CLASS A;MINDBODY Inc
MBCN;0000836147;MIDDLEFIELD BANC CORP;Middlefield Banc Corp
MBFI;0001139812;MB FINANCIAL INC;MB Financial Inc
MBI;0000814585;MBIA INC;MBIA Inc
MBIN;0001629019;MERCHANTS BANCORP/IN;Merchants Bancorp/IN
MBTF;0001118237;MBT FINANCIAL CORP;MBT Financial Corp
MBUU;0001590976;MALIBU BOATS INC - A;Malibu Boats Inc
MBWM;0001042729;MERCANTILE BANK CORP;Mercantile Bank Corp
MC;0001596967;MOELIS & CO - CLASS A;Moelis & Co
MCB;0001476034;METROPOLITAN BANK HOLDING CO;Metropolitan Bank Holding Corp
MCBC;0001053584;MACATAWA BANK CORP;Macatawa Bank Corp
MCD;0000063908;MCDONALD'S CORP;McDonald's Corp
MCF;0001071993;CONTANGO OIL & GAS;Contango Oil & Gas Co
MCFT;0001638290;MCBC HOLDINGS INC;MCBC Holdings Inc
MCHP;0000827054;MICROCHIP TECHNOLOGY INC;Microchip Technology Inc
MCK;0000927653;MCKESSON CORP;McKesson Corp
MCO;0001059556;MOODY'S CORP;Moody's Corp
MCRB;0001609809;SERES THERAPEUTICS INC;Seres Therapeutics Inc
MCRI;0000907242;MONARCH CASINO & RESORT INC;Monarch Casino & Resort Inc
MCRN;0001637913;MILACRON HOLDINGS CORP;Milacron Holdings Corp
MCS;0000062234;MARCUS CORPORATION;Marcus Corp/The
MCY;0000064996;MERCURY GENERAL CORP;Mercury General Corp
MD;0000893949;MEDNAX INC;MEDNAX Inc
MDC;0000773141;MDC HOLDINGS INC;MDC Holdings Inc
MDCA;0000876883;MDC PARTNERS INC-A;MDC Partners Inc
MDCO;0001113481;MEDICINES COMPANY;Medicines Co/The
MDGL;0001157601;MADRIGAL PHARMACEUTICALS INC;Madrigal Pharmaceuticals Inc
MDLY;0001611110;MEDLEY MANAGEMENT INC - A;Medley Management Inc
MDLZ;0001103982;MONDELEZ INTERNATIONAL INC-A;Mondelez International Inc
MDP;0000065011;MEREDITH CORP;Meredith Corp
MDR;0000708819;MCDERMOTT INTL INC;McDermott International Inc
MDRX;0001124804;ALLSCRIPTS HEALTHCARE SOLUTI;Allscripts Healthcare Solution
MDSO;0001453814;MEDIDATA SOLUTIONS INC;Medidata Solutions Inc
MDT;0001613103;MEDTRONIC PLC;Medtronic PLC
MDU;0000067716;MDU RESOURCES GROUP INC;MDU Resources Group Inc
MDXG;0001376339;MIMEDX GROUP INC;MiMedx Group Inc
MED;0000910329;MEDIFAST INC;Medifast Inc
MEDP;0001668397;MEDPACE HOLDINGS INC;Medpace Holdings Inc
MEET;0001078099;MEET GROUP INC/THE;Meet Group Inc/The
MEI;0000065270;METHODE ELECTRONICS INC;Methode Electronics Inc
MET;0001099219;METLIFE INC;MetLife Inc
METC;0001687187;RAMACO RESOURCES INC;Ramaco Resources Inc
MFA;0001055160;MFA FINANCIAL INC;MFA Financial Inc
MFSF;0001094810;MUTUALFIRST FINANCIAL INC;MutualFirst Financial Inc
MG;0001436126;MISTRAS GROUP INC;Mistras Group Inc
MGEE;0001161728;MGE ENERGY INC;MGE Energy Inc
MGEN;0001590750;MIRAGEN THERAPEUTICS INC;Miragen Therapeutics Inc
MGI;0001273931;MONEYGRAM INTERNATIONAL INC;MoneyGram International Inc
MGLN;0000019411;MAGELLAN HEALTH INC;Magellan Health Inc
MGM;0000789570;MGM RESORTS INTERNATIONAL;MGM Resorts International
MGNX;0001125345;MACROGENICS INC;MacroGenics Inc
MGPI;0000835011;MGP INGREDIENTS INC;MGP Ingredients Inc
MGRC;0000752714;MCGRATH RENTCORP;McGrath RentCorp
MHK;0000851968;MOHAWK INDUSTRIES INC;Mohawk Industries Inc
MHLD;0001412100;MAIDEN HOLDINGS LTD;Maiden Holdings Ltd
MHO;0000799292;M/I HOMES INC;M/I Homes Inc
MIC;0001289790;MACQUARIE INFRASTRUCTURE COR;Macquarie Infrastructure Corp
MIDD;0000769520;MIDDLEBY CORP;Middleby Corp/The
MIK;0001593936;MICHAELS COS INC/THE;Michaels Cos Inc/The
MINI;0000911109;MOBILE MINI INC;Mobile Mini Inc
MITK;0000807863;MITEK SYSTEMS INC;Mitek Systems Inc
MITT;0001514281;AG MORTGAGE INVESTMENT TRUST;AG Mortgage Investment Trust I
MJCO;0001626853;MAJESCO;Majesco
MKC;0000063754;MCCORMICK & CO-NON VTG SHRS;McCormick & Co Inc/MD
MKL;0001096343;MARKEL CORP;Markel Corp
MKSI;0001049502;MKS INSTRUMENTS INC;MKS Instruments Inc
MKTX;0001278021;MARKETAXESS HOLDINGS INC;MarketAxess Holdings Inc
MLAB;0000724004;MESA LABORATORIES INC;Mesa Laboratories Inc
MLHR;0000066382;HERMAN MILLER INC;Herman Miller Inc
MLI;0000089439;MUELLER INDUSTRIES INC;Mueller Industries Inc
MLM;0000916076;MARTIN MARIETTA MATERIALS;Martin Marietta Materials Inc
MLNT;0001461993;MELINTA THERAPEUTICS INC;Melinta Therapeutics Inc
MLP;0000063330;MAUI LAND & PINEAPPLE CO;Maui Land & Pineapple Co Inc
MLR;0000924822;MILLER INDUSTRIES INC/TENN;Miller Industries Inc/TN
MLVF;0001550603;MALVERN BANCORP INC;Malvern Bancorp Inc
MMC;0000062709;MARSH & MCLENNAN COS;Marsh & McLennan Cos Inc
MMI;0001578732;MARCUS & MILLICHAP INC;Marcus & Millichap Inc
MMM;0000066740;3M CO;3M Co
MMS;0001032220;MAXIMUS INC;MAXIMUS Inc
MMSI;0000856982;MERIT MEDICAL SYSTEMS INC;Merit Medical Systems Inc
MNK;0001567892;MALLINCKRODT PLC;Mallinckrodt PLC
MNLO;0001566044;MENLO THERAPEUTICS INC;Menlo Therapeutics Inc
MNOV;0001226616;MEDICINOVA INC;MediciNova Inc
MNR;0000067625;MONMOUTH REAL ESTATE INV COR;Monmouth Real Estate Investmen
MNRO;0000876427;MONRO INC;Monro Inc
MNST;0000865752;MONSTER BEVERAGE CORP;Monster Beverage Corp
MNTA;0001235010;MOMENTA PHARMACEUTICALS INC;Momenta Pharmaceuticals Inc
MO;0000764180;ALTRIA GROUP INC;Altria Group Inc
MOBL;0001470099;MOBILEIRON INC;MobileIron Inc
MOD;0000067347;MODINE MANUFACTURING CO;Modine Manufacturing Co
MODN;0001118417;MODEL N INC;Model N Inc
MOFG;0001412665;MIDWESTONE FINANCIAL GROUP I;MidWestOne Financial Group Inc
MOG/A;0000067887;MOOG INC-CLASS A;Moog Inc
MOH;0001179929;MOLINA HEALTHCARE INC;Molina Healthcare Inc
MON;0001110783;MONSANTO CO;Monsanto Co
MORN;0001289419;MORNINGSTAR INC;Morningstar Inc
MOS;0001285785;MOSAIC CO/THE;Mosaic Co/The
MOV;0000072573;MOVADO GROUP INC;Movado Group Inc
MPAA;0000918251;MOTORCAR PARTS OF AMERICA IN;Motorcar Parts of America Inc
MPC;0001510295;MARATHON PETROLEUM CORP;Marathon Petroleum Corp
MPO;0001533924;MIDSTATES PETROLEUM CO INC;Midstates Petroleum Co Inc
MPW;0001287865;MEDICAL PROPERTIES TRUST INC;Medical Properties Trust Inc
MPWR;0001280452;MONOLITHIC POWER SYSTEMS INC;Monolithic Power Systems Inc
MPX;0001129155;MARINE PRODUCTS CORP;Marine Products Corp
MRC;0001439095;MRC GLOBAL INC;MRC Global Inc
MRCY;0001049521;MERCURY SYSTEMS INC;Mercury Systems Inc
MRK;0000310158;MERCK & CO. INC.;Merck & Co Inc
MRLN;0001260968;MARLIN BUSINESS SERVICES INC;Marlin Business Services Corp
MRO;0000101778;MARATHON OIL CORP;Marathon Oil Corp
MRSN;0001442836;MERSANA THERAPEUTICS INC;Mersana Therapeutics Inc
MRT;0001616314;MEDEQUITIES REALTY TRUST INC;MedEquities Realty Trust Inc
MRTN;0000799167;MARTEN TRANSPORT LTD;Marten Transport Ltd
MRVL;0001058057;MARVELL TECHNOLOGY GROUP LTD;Marvell Technology Group Ltd
MS;0000895421;MORGAN STANLEY;Morgan Stanley
MSA;0000066570;MSA SAFETY INC;MSA Safety Inc
MSBI;0001466026;MIDLAND STATES BANCORP INC;Midland States Bancorp Inc
MSCC;0000310568;MICROSEMI CORP;Microsemi Corp
MSCI;0001408198;MSCI INC;MSCI Inc
MSEX;0000066004;MIDDLESEX WATER CO;Middlesex Water Co
MSFT;0000789019;MICROSOFT CORP;Microsoft Corp
MSG;0001636519;MADISON SQUARE GARDEN CO- A;Madison Square Garden Co/The
MSGN;0001469372;MSG NETWORKS INC- A;MSG Networks Inc
MSI;0000068505;MOTOROLA SOLUTIONS INC;Motorola Solutions Inc
MSL;0000745981;MIDSOUTH BANCORP INC;MidSouth Bancorp Inc
MSM;0001003078;MSC INDUSTRIAL DIRECT CO-A;MSC Industrial Direct Co Inc
MSTR;0001050446;MICROSTRATEGY INC-CL A;MicroStrategy Inc
MTB;0000036270;M & T BANK CORP;M&T Bank Corp
MTCH;0001575189;MATCH GROUP INC;Match Group Inc
MTD;0001037646;METTLER-TOLEDO INTERNATIONAL;Mettler-Toledo International I
MTDR;0001520006;MATADOR RESOURCES CO;Matador Resources Co
MTG;0000876437;MGIC INVESTMENT CORP;MGIC Investment Corp
MTGE;0001516973;MTGE INVESTMENT CORP;MTGE Investment Corp
MTH;0000833079;MERITAGE HOMES CORP;Meritage Homes Corp
MTN;0000812011;VAIL RESORTS INC;Vail Resorts Inc
MTNB;0001582554;MATINAS BIOPHARMA HOLDINGS I;Matinas BioPharma Holdings Inc
MTOR;0001113256;MERITOR INC;Meritor Inc
MTRN;0001104657;MATERION CORP;Materion Corp
MTRX;0000866273;MATRIX SERVICE CO;Matrix Service Co
MTSC;0000068709;MTS SYSTEMS CORP;MTS Systems Corp
MTSI;0001493594;MACOM TECHNOLOGY SOLUTIONS H;MACOM Technology Solutions Hol
MTW;0000061986;MANITOWOC COMPANY INC;Manitowoc Co Inc/The
MTX;0000891014;MINERALS TECHNOLOGIES INC;Minerals Technologies Inc
MTZ;0000015615;MASTEC INC;MasTec Inc
MU;0000723125;MICRON TECHNOLOGY INC;Micron Technology Inc
MULE;0001374684;MULESOFT INC  -A;MuleSoft Inc
MUR;0000717423;MURPHY OIL CORP;Murphy Oil Corp
MUSA;0001573516;MURPHY USA INC;Murphy USA Inc
MVIS;0000065770;MICROVISION INC;MicroVision Inc
MWA;0001350593;MUELLER WATER PRODUCTS INC-A;Mueller Water Products Inc
MXIM;0000743316;MAXIM INTEGRATED PRODUCTS;Maxim Integrated Products Inc
MXL;0001288469;MAXLINEAR INC;MaxLinear Inc
MXWL;0000319815;MAXWELL TECHNOLOGIES INC;Maxwell Technologies Inc
MYE;0000069488;MYERS INDUSTRIES INC;Myers Industries Inc
MYGN;0000899923;MYRIAD GENETICS INC;Myriad Genetics Inc
MYL;0001623613;MYLAN NV;Mylan NV
MYOK;0001552451;MYOKARDIA INC;MyoKardia Inc
MYRG;0000700923;MYR GROUP INC/DELAWARE;MYR Group Inc
NANO;0000704532;NANOMETRICS INC;Nanometrics Inc
NAT;0001000177;NORDIC AMERICAN TANKERS LTD;Nordic American Tankers Ltd
NATH;0000069733;NATHAN'S FAMOUS INC;Nathan's Famous Inc
NATI;0000935494;NATIONAL INSTRUMENTS CORP;National Instruments Corp
NATR;0000275053;NATURES SUNSHINE PRODS INC;Nature's Sunshine Products Inc
NAV;0000808450;NAVISTAR INTERNATIONAL CORP;Navistar International Corp
NAVG;0000793547;NAVIGATORS GROUP INC;Navigators Group Inc/The
NAVI;0001593538;NAVIENT CORP;Navient Corp
NBHC;0001475841;NATIONAL BANK HOLD-CL A;National Bank Holdings Corp
NBIX;0000914475;NEUROCRINE BIOSCIENCES INC;Neurocrine Biosciences Inc
NBL;0000072207;NOBLE ENERGY INC;Noble Energy Inc
NBN;0000811831;NORTHEAST BANCORP;Northeast Bancorp
NBR;0001163739;NABORS INDUSTRIES LTD;Nabors Industries Ltd
NBTB;0000790359;N B T BANCORP INC;NBT Bancorp Inc
NC;0000789933;NACCO INDUSTRIES-CL A;NACCO Industries Inc
NCBS;0001174850;NICOLET BANKSHARES INC;Nicolet Bankshares Inc
NCI;0001019737;NAVIGANT CONSULTING INC;Navigant Consulting Inc
NCLH;0001513761;NORWEGIAN CRUISE LINE HOLDIN;Norwegian Cruise Line Holdings
NCMI;0001377630;NATIONAL CINEMEDIA INC;National CineMedia Inc
NCOM;0001609951;NATIONAL COMMERCE CORP;National Commerce Corp
NCR;0000070866;NCR CORPORATION;NCR Corp
NCS;0000883902;NCI BUILDING SYSTEMS INC;NCI Building Systems Inc
NCSM;0001692427;NCS MULTISTAGE HOLDINGS INC;NCS Multistage Holdings Inc
NDAQ;0001120193;NASDAQ INC;Nasdaq Inc
NDLS;0001275158;NOODLES & CO;Noodles & Co
NDSN;0000072331;NORDSON CORP;Nordson Corp
NE;0001458891;NOBLE CORP PLC;Noble Corp plc
NEE;0000753308;NEXTERA ENERGY INC;NextEra Energy Inc
NEM;0001164727;NEWMONT MINING CORP;Newmont Mining Corp
NEO;0001077183;NEOGENOMICS INC;NeoGenomics Inc
NEOG;0000711377;NEOGEN CORP;Neogen Corp
NEOS;0001467652;NEOS THERAPEUTICS INC;Neos Therapeutics Inc
NERV;0001598646;MINERVA NEUROSCIENCES INC;Minerva Neurosciences Inc
NEU;0001282637;NEWMARKET CORP;NewMarket Corp
NEWM;0001579684;NEW MEDIA INVESTMENT GROUP;New Media Investment Group Inc
NEWR;0001448056;NEW RELIC INC;New Relic Inc
NFBK;0001493225;NORTHFIELD BANCORP INC;Northfield Bancorp Inc
NFG;0000070145;NATIONAL FUEL GAS CO;National Fuel Gas Co
NFLX;0001065280;NETFLIX INC;Netflix Inc
NFX;0000912750;NEWFIELD EXPLORATION CO;Newfield Exploration Co
NGHC;0001578735;NATIONAL GENERAL HLDGS;National General Holdings Corp
NGS;0001084991;NATURAL GAS SERVICES GROUP;Natural Gas Services Group Inc
NGVC;0001547459;NATURAL GROCERS BY VITAMIN C;Natural Grocers by Vitamin Cot
NGVT;0001653477;INGEVITY CORP;Ingevity Corp
NH;0001566469;NANTHEALTH INC;NantHealth Inc
NHC;0001047335;NATIONAL HEALTHCARE CORP;National HealthCare Corp
NHI;0000877860;NATL HEALTH INVESTORS INC;National Health Investors Inc
NHTC;0000912061;NATURAL HEALTH TRENDS CORP;Natural Health Trends Corp
NI;0001111711;NISOURCE INC;NiSource Inc
NINE;0001532286;NINE ENERGY SERVICE INC;Nine Energy Service Inc
NJR;0000356309;NEW JERSEY RESOURCES CORP;New Jersey Resources Corp
NK;0001326110;NANTKWEST INC;NantKwest Inc
NKE;0000320187;NIKE INC -CL B;NIKE Inc
NKSH;0000796534;NATIONAL BANKSHARES INC/VA;National Bankshares Inc
NKTR;0000906709;NEKTAR THERAPEUTICS;Nektar Therapeutics
NL;0000072162;NL INDUSTRIES;NL Industries Inc
NLNK;0001126234;NEWLINK GENETICS CORP;NewLink Genetics Corp
NLS;0001078207;NAUTILUS INC;Nautilus Inc
NLSN;0001492633;NIELSEN HOLDINGS PLC;Nielsen Holdings PLC
NLY;0001043219;ANNALY CAPITAL MANAGEMENT IN;Annaly Capital Management Inc
NM;0001333172;NAVIOS MARITIME HOLDINGS INC;Navios Maritime Holdings Inc
NMIH;0001547903;NMI HOLDINGS INC-CLASS A;NMI Holdings Inc
NMRK;0001690680;NEWMARK GROUP INC-CLASS A;Newmark Group Inc
NNA;0001437260;NAVIOS MARITIME ACQUISITION;Navios Maritime Acquisition Co
NNBR;0000918541;NN INC;NN Inc
NNI;0001258602;NELNET INC-CL A;Nelnet Inc
NNN;0000751364;NATIONAL RETAIL PROPERTIES;National Retail Properties Inc
NOC;0001133421;NORTHROP GRUMMAN CORP;Northrop Grumman Corp
NODK;0001681206;NI HOLDINGS INC;NI Holdings Inc
NOV;0001021860;NATIONAL OILWELL VARCO INC;National Oilwell Varco Inc
NOVT;0001076930;NOVANTA INC;Novanta Inc
NOW;0001373715;SERVICENOW INC;ServiceNow Inc
NP;0001296435;NEENAH INC;Neenah Inc
NPK;0000080172;NATIONAL PRESTO INDS INC;National Presto Industries Inc
NPO;0001164863;ENPRO INDUSTRIES INC;EnPro Industries Inc
NPTN;0001227025;NEOPHOTONICS CORP;NeoPhotonics Corp
NR;0000071829;NEWPARK RESOURCES INC;Newpark Resources Inc
NRCIA;0000070487;NATIONAL RESEARCH CORP-A;National Research Corp
NRE;0001646587;NORTHSTAR REALTY EUROPE CORP;NorthStar Realty Europe Corp
NRG;0001013871;NRG ENERGY INC;NRG Energy Inc
NRIM;0001163370;NORTHRIM BANCORP INC;Northrim BanCorp Inc
NRZ;0001556593;NEW RESIDENTIAL INVESTMENT;New Residential Investment Cor
NSA;0001618563;NATIONAL STORAGE AFFILIATES;National Storage Affiliates Tr
NSC;0000702165;NORFOLK SOUTHERN CORP;Norfolk Southern Corp
NSIT;0000932696;INSIGHT ENTERPRISES INC;Insight Enterprises Inc
NSM;0001520566;NATIONSTAR MORTGAGE HOLDINGS;Nationstar Mortgage Holdings I
NSP;0001000753;INSPERITY INC;Insperity Inc
NSSC;0000069633;NAPCO SECURITY TECHNOLOGIES;Napco Security Technologies In
NSTG;0001401708;NANOSTRING TECHNOLOGIES INC;NanoString Technologies Inc
NTAP;0001002047;NETAPP INC;NetApp Inc
NTB;0001653242;BANK OF N.T. BUTTERFIELD&SON;Bank of NT Butterfield & Son L
NTCT;0001078075;NETSCOUT SYSTEMS INC;NetScout Systems Inc
NTGR;0001122904;NETGEAR INC;NETGEAR Inc
NTLA;0001652130;INTELLIA THERAPEUTICS INC;Intellia Therapeutics Inc
NTNX;0001618732;NUTANIX INC - A;Nutanix Inc
NTRA;0001604821;NATERA INC;Natera Inc
NTRI;0001096376;NUTRISYSTEM INC;Nutrisystem Inc
NTRS;0000073124;NORTHERN TRUST CORP;Northern Trust Corp
NUAN;0001002517;NUANCE COMMUNICATIONS INC;Nuance Communications Inc
NUE;0000073309;NUCOR CORP;Nucor Corp
NUS;0001021561;NU SKIN ENTERPRISES INC - A;Nu Skin Enterprises Inc
NUVA;0001142596;NUVASIVE INC;NuVasive Inc
NVAX;0001000694;NOVAVAX INC;Novavax Inc
NVCR;0001645113;NOVOCURE LTD;Novocure Ltd
NVDA;0001045810;NVIDIA CORP;NVIDIA Corp
NVEC;0000724910;NVE CORP;NVE Corp
NVEE;0001532961;NV5 GLOBAL INC;NV5 Global Inc
NVLN;0000827809;NOVELION THERAPEUTICS INC;Novelion Therapeutics Inc
NVR;0000906163;NVR INC;NVR Inc
NVRO;0001444380;NEVRO CORP;Nevro Corp
NVTA;0001501134;INVITAE CORP;Invitae Corp
NWBI;0001471265;NORTHWEST BANCSHARES INC;Northwest Bancshares Inc
NWE;0000073088;NORTHWESTERN CORP;NorthWestern Corp
NWFL;0001013272;NORWOOD FINANCIAL CORP;Norwood Financial Corp
NWHM;0001574596;NEW HOME CO INC/THE;New Home Co Inc/The
NWL;0000814453;NEWELL BRANDS INC;Newell Brands Inc
NWLI;0001635984;NATIONAL WESTERN LIFE GROU-A;National Western Life Group In
NWN;0000073020;NORTHWEST NATURAL GAS CO;Northwest Natural Gas Co
NWPX;0001001385;NORTHWEST PIPE CO;Northwest Pipe Co
NWS;0001564708;NEWS CORP - CLASS B;News Corp
NWSA;0001564708;NEWS CORP - CLASS A;News Corp
NX;0001423221;QUANEX BUILDING PRODUCTS;Quanex Building Products Corp
NXEO;0001604416;NEXEO SOLUTIONS INC;Nexeo Solutions Inc
NXPI;0001413447;NXP SEMICONDUCTORS NV;NXP Semiconductors NV
NXRT;0001620393;NEXPOINT RESIDENTIAL;NexPoint Residential Trust Inc
NXST;0001142417;NEXSTAR MEDIA GROUP INC-CL A;Nexstar Media Group Inc
NXTM;0001333170;NXSTAGE MEDICAL INC;NxStage Medical Inc
NYCB;0000910073;NEW YORK COMMUNITY BANCORP;New York Community Bancorp Inc
NYLD;0001567683;NRG YIELD INC-CLASS C;NRG Yield Inc
NYLD/A;0001567683;NRG YIELD INC-CLASS A;NRG Yield Inc
NYMT;0001273685;NEW YORK MORTGAGE TRUST INC;New York Mortgage Trust Inc
NYMX;0001018735;NYMOX PHARMACEUTICAL CORP;Nymox Pharmaceutical Corp
NYNY;0000906780;EMPIRE RESORTS INC;Empire Resorts Inc
NYT;0000071691;NEW YORK TIMES CO-A;New York Times Co/The
O;0000726728;REALTY INCOME CORP;Realty Income Corp
OA;0000866121;ORBITAL ATK INC;Orbital ATK Inc
OAS;0001486159;OASIS PETROLEUM INC;Oasis Petroleum Inc
OBLN;0001427570;OBALON THERAPEUTICS INC;Obalon Therapeutics Inc
OC;0001370946;OWENS CORNING;Owens Corning
OCFC;0001004702;OCEANFIRST FINANCIAL CORP;OceanFirst Financial Corp
OCLR;0001110647;OCLARO INC;Oclaro Inc
OCN;0000873860;OCWEN FINANCIAL CORP;Ocwen Financial Corp
OCUL;0001393434;OCULAR THERAPEUTIX INC;Ocular Therapeutix Inc
OCX;0001642380;ONCOCYTE CORP;Oncocyte Corp
ODC;0000074046;OIL-DRI CORP OF AMERICA;Oil-Dri Corp of America
ODFL;0000878927;OLD DOMINION FREIGHT LINE;Old Dominion Freight Line Inc
ODP;0000800240;OFFICE DEPOT INC;Office Depot Inc
ODT;0001717452;ODONATE THERAPEUTICS INC;Odonate Therapeutics Inc
OFC;0000860546;CORPORATE OFFICE PROPERTIES;Corporate Office Properties Tr
OFED;0001501078;OCONEE FEDERAL FINANCIAL COR;Oconee Federal Financial Corp
OFG;0001030469;OFG BANCORP;OFG Bancorp
OFIX;0000884624;ORTHOFIX INTERNATIONAL NV;Orthofix International NV
OFLX;0001317945;OMEGA FLEX INC;Omega Flex Inc
OGE;0001021635;OGE ENERGY CORP;OGE Energy Corp
OGS;0001587732;ONE GAS INC;ONE Gas Inc
OHI;0000888491;OMEGA HEALTHCARE INVESTORS;Omega Healthcare Investors Inc
OI;0000812074;OWENS-ILLINOIS INC;Owens-Illinois Inc
OII;0000073756;OCEANEERING INTL INC;Oceaneering International Inc
OIS;0001121484;OIL STATES INTERNATIONAL INC;Oil States International Inc
OKE;0001039684;ONEOK INC;ONEOK Inc
OKTA;0001660134;OKTA INC;Okta Inc
OLBK;0001253317;OLD LINE BANCSHARES INC;Old Line Bancshares Inc
OLED;0001005284;UNIVERSAL DISPLAY CORP;Universal Display Corp
OLLI;0001639300;OLLIE'S BARGAIN OUTLET HOLDI;Ollie's Bargain Outlet Holding
OLN;0000074303;OLIN CORP;Olin Corp
OLP;0000712770;ONE LIBERTY PROPERTIES INC;One Liberty Properties Inc
OMC;0000029989;OMNICOM GROUP;Omnicom Group Inc
OMCL;0000926326;OMNICELL INC;Omnicell Inc
OMER;0001285819;OMEROS CORP;Omeros Corp
OMF;0001584207;ONEMAIN HOLDINGS INC;OneMain Holdings Inc
OMI;0000075252;OWENS & MINOR INC;Owens & Minor Inc
OMN;0001090061;OMNOVA SOLUTIONS INC;OMNOVA Solutions Inc
OMNT;0001097792;OMINTO INC;Ominto Inc
ON;0001097864;ON SEMICONDUCTOR CORP;ON Semiconductor Corp