SQ;0001512673;SQUARE INC - A;Square Inc
SQBG;0001648428;SEQUENTIAL BRANDS GROUP INC;Sequential Brands Group Inc
SR;0001126956;SPIRE INC;Spire Inc
SRC;0001308606;SPIRIT REALTY CAPITAL INC;Spirit Realty Capital Inc
SRCE;0000034782;1ST SOURCE CORP;1st Source Corp
SRCI;0001413507;SRC ENERGY INC;SRC Energy Inc
SRCL;0000861878;STERICYCLE INC;Stericycle Inc
SRDX;0000924717;SURMODICS INC;Surmodics Inc
SRE;0001032208;SEMPRA ENERGY;Sempra Energy
SREV;0001310114;SERVICESOURCE INTERNATIONAL;ServiceSource International In
SRG;0001628063;SERITAGE GROWTH PROP- A REIT;Seritage Growth Properties
SRI;0001043337;STONERIDGE INC;Stoneridge Inc
SRPT;0000873303;SAREPTA THERAPEUTICS INC;Sarepta Therapeutics Inc
SRT;0001031029;STARTEK INC;StarTek Inc
SSB;0000764038;SOUTH STATE CORP;South State Corp
SSD;0000920371;SIMPSON MANUFACTURING CO INC;Simpson Manufacturing Co Inc
SSNC;0001402436;SS&C TECHNOLOGIES HOLDINGS;SS&C Technologies Holdings Inc
SSP;0000832428;EW SCRIPPS CO/THE-A;EW Scripps Co/The
SSTK;0001549346;SHUTTERSTOCK INC;Shutterstock Inc
SSYS;0001517396;STRATASYS LTD;Stratasys Ltd
ST;0001717185;SENSATA TECHNOLOGIES HOLDING;Sensata Technologies Holding P
STAA;0000718937;STAAR SURGICAL CO;STAAR Surgical Co
STAG;0001479094;STAG INDUSTRIAL INC;STAG Industrial Inc
STAR;0001095651;ISTAR INC;iStar Inc
STAY;0001581164;EXTENDED STAY AMERICA INC;Extended Stay America Inc
STBA;0000719220;S & T BANCORP INC;S&T Bancorp Inc
STBZ;0001497275;STATE BANK FINANCIAL CORP;State Bank Financial Corp
STC;0000094344;STEWART INFORMATION SERVICES;Stewart Information Services C
STE;0001624899;STERIS PLC;STERIS PLC
STFC;0000874977;STATE AUTO FINANCIAL CORP;State Auto Financial Corp
STI;0000750556;SUNTRUST BANKS INC;SunTrust Banks Inc
STL;0001070154;STERLING BANCORP/DE;Sterling Bancorp/DE
STLD;0001022671;STEEL DYNAMICS INC;Steel Dynamics Inc
STML;0001264587;STEMLINE THERAPEUTICS INC;Stemline Therapeutics Inc
STMP;0001082923;STAMPS.COM INC;Stamps.com Inc
STNG;0001483934;SCORPIO TANKERS INC;Scorpio Tankers Inc
STOR;0001538990;STORE CAPITAL CORP;STORE Capital Corp
STRA;0001013934;STRAYER EDUCATION INC;Strayer Education Inc
STRL;0000874238;STERLING CONSTRUCTION CO;Sterling Construction Co Inc
STRS;0000885508;STRATUS PROPERTIES INC;Stratus Properties Inc
STT;0000093751;STATE STREET CORP;State Street Corp
STWD;0001465128;STARWOOD PROPERTY TRUST INC;Starwood Property Trust Inc
STZ;0000016918;CONSTELLATION BRANDS INC-A;Constellation Brands Inc
SUI;0000912593;SUN COMMUNITIES INC;Sun Communities Inc
SUM;0001621563;SUMMIT MATERIALS INC -CL A;Summit Materials Inc
SUP;0000095552;SUPERIOR INDUSTRIES INTL;Superior Industries Internatio
SUPN;0001356576;SUPERNUS PHARMACEUTICALS INC;Supernus Pharmaceuticals Inc
SVU;0000095521;SUPERVALU INC;SUPERVALU Inc
SWCH;0001710583;SWITCH INC - A;Switch Inc
SWK;0000093556;STANLEY BLACK & DECKER INC;Stanley Black & Decker Inc
SWKS;0000004127;SKYWORKS SOLUTIONS INC;Skyworks Solutions Inc
SWM;0001000623;SCHWEITZER-MAUDUIT INTL INC;Schweitzer-Mauduit Internation
SWN;0000007332;SOUTHWESTERN ENERGY CO;Southwestern Energy Co
SWX;0001692115;SOUTHWEST GAS HOLDINGS INC;Southwest Gas Holdings Inc
SXC;0001514705;SUNCOKE ENERGY INC;SunCoke Energy Inc
SXI;0000310354;STANDEX INTERNATIONAL CORP;Standex International Corp
SXT;0000310142;SENSIENT TECHNOLOGIES CORP;Sensient Technologies Corp
SYBT;0000835324;STOCK YARDS BANCORP INC;Stock Yards Bancorp Inc
SYF;0001601712;SYNCHRONY FINANCIAL;Synchrony Financial
SYK;0000310764;STRYKER CORP;Stryker Corp
SYKE;0001010612;SYKES ENTERPRISES INC;Sykes Enterprises Inc
SYMC;0000849399;SYMANTEC CORP;Symantec Corp
SYNA;0000817720;SYNAPTICS INC;Synaptics Inc
SYNH;0001610950;SYNEOS HEALTH INC;Syneos Health Inc
SYNT;0001040426;SYNTEL INC;Syntel Inc
SYRS;0001556263;SYROS PHARMACEUTICALS INC;Syros Pharmaceuticals Inc
SYX;0000945114;SYSTEMAX INC;Systemax Inc
SYY;0000096021;SYSCO CORP;Sysco Corp
T;0000732717;AT&T INC;AT&T Inc
TACO;0001585583;DEL TACO RESTAURANTS INC;Del Taco Restaurants Inc
TAHO;0001510400;TAHOE RESOURCES INC;Tahoe Resources Inc
TAP;0000024545;MOLSON COORS BREWING CO -B;Molson Coors Brewing Co
TAST;0000809248;CARROLS RESTAURANT GROUP INC;Carrols Restaurant Group Inc
TAX;0001528930;LIBERTY TAX INC;Liberty Tax Inc
TBBK;0001295401;BANCORP INC/THE;Bancorp Inc/The
TBI;0000768899;TRUEBLUE INC;TrueBlue Inc
TBK;0001539638;TRIUMPH BANCORP INC;Triumph Bancorp Inc
TBNK;0001447051;TERRITORIAL BANCORP INC;Territorial Bancorp Inc
TBPH;0001583107;THERAVANCE BIOPHARMA INC;Theravance Biopharma Inc
TCBI;0001077428;TEXAS CAPITAL BANCSHARES INC;Texas Capital Bancshares Inc
TCBK;0000356171;TRICO BANCSHARES;TriCo Bancshares
TCF;0000814184;TCF FINANCIAL CORP;TCF Financial Corp
TCFC;0000855874;COMMUNITY FINANCIAL CORP/THE;Community Financial Corp/The
TCI;0000733590;TRANSCONTINENTAL REALTY INV;Transcontinental Realty Invest
TCMD;0001027838;TACTILE SYSTEMS TECHNOLOGY I;Tactile Systems Technology Inc
TCO;0000890319;TAUBMAN CENTERS INC;Taubman Centers Inc
TCS;0001411688;CONTAINER STORE GROUP INC/TH;Container Store Group Inc/The
TCX;0000909494;TUCOWS INC-CLASS A;Tucows Inc
TDC;0000816761;TERADATA CORP;Teradata Corp
TDG;0001260221;TRANSDIGM GROUP INC;TransDigm Group Inc
TDOC;0001477449;TELADOC INC;Teladoc Inc
TDS;0001051512;TELEPHONE AND DATA SYSTEMS;Telephone & Data Systems Inc
TDY;0001094285;TELEDYNE TECHNOLOGIES INC;Teledyne Technologies Inc
TEAM;0001650372;ATLASSIAN CORP PLC-CLASS A;Atlassian Corp PLC
TECD;0000790703;TECH DATA CORP;Tech Data Corp
TECH;0000842023;BIO-TECHNE CORP;Bio-Techne Corp
TELL;0000061398;TELLURIAN INC;Tellurian Inc
TEN;0001024725;TENNECO INC;Tenneco Inc
TER;0000097210;TERADYNE INC;Teradyne Inc
TERP;0001599947;TERRAFORM POWER INC - A;TerraForm Power Inc
TEX;0000097216;TEREX CORP;Terex Corp
TFSL;0001381668;TFS FINANCIAL CORP;TFS Financial Corp
TFX;0000096943;TELEFLEX INC;Teleflex Inc
TG;0000850429;TREDEGAR CORP;Tredegar Corp
TGH;0001413159;TEXTAINER GROUP HOLDINGS LTD;Textainer Group Holdings Ltd
TGI;0001021162;TRIUMPH GROUP INC;Triumph Group Inc
TGNA;0000039899;TEGNA INC;TEGNA Inc
TGT;0000027419;TARGET CORP;Target Corp
TGTX;0001001316;TG THERAPEUTICS INC;TG Therapeutics Inc
THC;0000070318;TENET HEALTHCARE CORP;Tenet Healthcare Corp
THFF;0000714562;FIRST FINANCIAL CORP/INDIANA;First Financial Corp/IN
THG;0000944695;HANOVER INSURANCE GROUP INC/;Hanover Insurance Group Inc/Th
THO;0000730263;THOR INDUSTRIES INC;Thor Industries Inc
THR;0001489096;THERMON GROUP HOLDINGS INC;Thermon Group Holdings Inc
THRM;0000903129;GENTHERM INC;Gentherm Inc
THS;0001320695;TREEHOUSE FOODS INC;TreeHouse Foods Inc
TIER;0001176373;TIER REIT INC;Tier REIT Inc
TIF;0000098246;TIFFANY & CO;Tiffany & Co
TILE;0000715787;INTERFACE INC;Interface Inc
TIPT;0001393726;TIPTREE INC;Tiptree Inc
TIS;0001324189;ORCHIDS PAPER PRODUCTS CO;Orchids Paper Products Co
TISI;0000318833;TEAM INC;Team Inc
TITN;0001409171;TITAN MACHINERY INC;Titan Machinery Inc
TIVO;0001675820;TIVO CORP;TiVo Corp
TJX;0000109198;TJX COMPANIES INC;TJX Cos Inc/The
TK;0000911971;TEEKAY CORP;Teekay Corp
TKR;0000098362;TIMKEN CO;Timken Co/The
TLGT;0001047021;TELIGENT INC;Teligent Inc/NJ
TLRD;0000884217;TAILORED BRANDS INC;Tailored Brands Inc
TLYS;0001524025;TILLY'S INC-CLASS A SHRS;Tilly's Inc
TMHC;0001562476;TAYLOR MORRISON HOME CORP-A;Taylor Morrison Home Corp
TMK;0000320335;TORCHMARK CORP;Torchmark Corp
TMO;0000097745;THERMO FISHER SCIENTIFIC INC;Thermo Fisher Scientific Inc
TMP;0001005817;TOMPKINS FINANCIAL CORP;Tompkins Financial Corp
TMST;0001598428;TIMKENSTEEL CORP;TimkenSteel Corp
TMUS;0001283699;T-MOBILE US INC;T-Mobile US Inc
TNAV;0001474439;TELENAV INC;Telenav Inc
TNC;0000097134;TENNANT CO;Tennant Co
TNET;0000937098;TRINET GROUP INC;TriNet Group Inc
TNK;0001419945;TEEKAY TANKERS LTD-CLASS A;Teekay Tankers Ltd
TNTR;0001554875;TINTRI INC;Tintri Inc
TOCA;0001419041;TOCAGEN INC;Tocagen Inc
TOL;0000794170;TOLL BROTHERS INC;Toll Brothers Inc
TORC;0001720580;RESTORBIO INC;resTORbio Inc
TOWN;#N/A Field Not Applicable;TOWNE BANK;Towne Bank/Portsmouth VA
TOWR;0001485469;TOWER INTERNATIONAL INC;Tower International Inc
TPB;0001290677;TURNING POINT BRANDS INC;Turning Point Brands Inc
TPC;0000077543;TUTOR PERINI CORP;Tutor Perini Corp
TPH;0001561680;TRI POINTE GROUP INC;TRI Pointe Group Inc
TPHS;0000724742;TRINITY PLACE HOLDINGS INC;Trinity Place Holdings Inc
TPIC;0001455684;TPI COMPOSITES INC;TPI Composites Inc
TPR;0001116132;TAPESTRY INC;Tapestry Inc
TPRE;0001576018;THIRD POINT REINSURANCE LTD;Third Point Reinsurance Ltd
TPX;0001206264;TEMPUR SEALY INTERNATIONAL I;Tempur Sealy International Inc
TR;0000098677;TOOTSIE ROLL INDS;Tootsie Roll Industries Inc
TRC;0000096869;TEJON RANCH CO;Tejon Ranch Co
TRCB;0001343034;TWO RIVER BANCORP;Two River Bancorp
TRCO;0000726513;TRIBUNE MEDIA CO - A;Tribune Media Co
TREC;0000007039;TRECORA RESOURCES;Trecora Resources
TREE;0001434621;LENDINGTREE INC;LendingTree Inc
TREX;0001069878;TREX COMPANY INC;Trex Co Inc
TRGP;0001389170;TARGA RESOURCES CORP;Targa Resources Corp
TRHC;0001651561;TABULA RASA HEALTHCARE INC;Tabula Rasa HealthCare Inc
TRIP;0001526520;TRIPADVISOR INC;TripAdvisor Inc
TRK;0000934648;SPEEDWAY MOTORSPORTS INC;Speedway Motorsports Inc
TRMB;0000864749;TRIMBLE INC;Trimble Inc
TRMK;0000036146;TRUSTMARK CORP;Trustmark Corp
TRN;0000099780;TRINITY INDUSTRIES INC;Trinity Industries Inc
TRNC;0001593195;TRONC INC;tronc Inc
TRNO;0001476150;TERRENO REALTY CORP;Terreno Realty Corp
TROW;0001113169;T ROWE PRICE GROUP INC;T Rowe Price Group Inc
TROX;0001530804;TRONOX LTD-CL A;Tronox Ltd
TRS;0000842633;TRIMAS CORP;TriMas Corp
TRST;0000357301;TRUSTCO BANK CORP NY;TrustCo Bank Corp NY
TRTN;0001660734;TRITON INTERNATIONAL LTD/BER;Triton International Ltd/Bermu
TRTX;0001630472;TPG RE FINANCE TRUST INC;TPG RE Finance Trust Inc
TRU;0001552033;TRANSUNION;TransUnion
TRUE;0001327318;TRUECAR INC;TrueCar Inc
TRUP;0001371285;TRUPANION INC;Trupanion Inc
TRV;0000086312;TRAVELERS COS INC/THE;Travelers Cos Inc/The
TRVN;0001429560;TREVENA INC;Trevena Inc
TSBK;0001046050;TIMBERLAND BANCORP INC;Timberland Bancorp Inc/WA
TSC;0001380846;TRISTATE CAPITAL HLDGS INC;TriState Capital Holdings Inc
TSCO;0000916365;TRACTOR SUPPLY COMPANY;Tractor Supply Co
TSE;0001519061;TRINSEO SA;Trinseo SA
TSLA;0001318605;TESLA INC;Tesla Inc
TSN;0000100493;TYSON FOODS INC-CL A;Tyson Foods Inc
TSQ;0001499832;TOWNSQUARE MEDIA INC - CL A;Townsquare Media Inc
TSRO;0001491576;TESARO INC;TESARO Inc
TSS;0000721683;TOTAL SYSTEM SERVICES INC;Total System Services Inc
TTC;0000737758;TORO CO;Toro Co/The
TTD;0001671933;TRADE DESK INC/THE -CLASS A;Trade Desk Inc/The
TTEC;0001013880;TTEC HOLDINGS INC;TTEC Holdings Inc
TTEK;0000831641;TETRA TECH INC;Tetra Tech Inc
TTGT;0001293282;TECHTARGET;TechTarget Inc
TTI;0000844965;TETRA TECHNOLOGIES INC;TETRA Technologies Inc
TTMI;0001116942;TTM TECHNOLOGIES;TTM Technologies Inc
TTPH;0001373707;TETRAPHASE PHARMACEUTICALS I;Tetraphase Pharmaceuticals Inc
TTS;0001552800;TILE SHOP HLDGS INC;Tile Shop Holdings Inc
TTWO;0000946581;TAKE-TWO INTERACTIVE SOFTWRE;Take-Two Interactive Software
TUP;0001008654;TUPPERWARE BRANDS CORP;Tupperware Brands Corp
TUSK;0001679268;MAMMOTH ENERGY SERVICES INC;Mammoth Energy Services Inc
TVPT;0001424755;TRAVELPORT WORLDWIDE LTD;Travelport Worldwide Ltd
TVTY;0000704415;TIVITY HEALTH INC;Tivity Health Inc
TWI;0000899751;TITAN INTERNATIONAL INC;Titan International Inc
TWIN;0000100378;TWIN DISC INC;Twin Disc Inc
TWLO;0001447669;TWILIO INC - A;Twilio Inc
TWNK;0001644406;HOSTESS BRANDS INC;Hostess Brands Inc
TWO;0001465740;TWO HARBORS INVESTMENT CORP;Two Harbors Investment Corp
TWOU;0001459417;2U INC;2U Inc
TWTR;0001418091;TWITTER INC;Twitter Inc
TWX;0001105705;TIME WARNER INC;Time Warner Inc
TXMD;0000025743;THERAPEUTICSMD INC;TherapeuticsMD Inc
TXN;0000097476;TEXAS INSTRUMENTS INC;Texas Instruments Inc
TXRH;0001289460;TEXAS ROADHOUSE INC;Texas Roadhouse Inc
TXT;0000217346;TEXTRON INC;Textron Inc
TYL;0000860731;TYLER TECHNOLOGIES INC;Tyler Technologies Inc
TYPE;0001385292;MONOTYPE IMAGING HOLDINGS IN;Monotype Imaging Holdings Inc
UA;0001336917;UNDER ARMOUR INC-CLASS C;Under Armour Inc
UAA;0001336917;UNDER ARMOUR INC-CLASS A;Under Armour Inc
UAL;0000100517;UNITED CONTINENTAL HOLDINGS;United Continental Holdings In
UBA;0001029800;URSTADT BIDDLE - CLASS A;Urstadt Biddle Properties Inc
UBFO;0001137547;UNITED SECURITY BANCSHARE/CA;United Security Bancshares/Fre
UBNK;0001501364;UNITED FINANCIAL BANCORP INC;United Financial Bancorp Inc
UBNT;0001511737;UBIQUITI NETWORKS INC;Ubiquiti Networks Inc
UBSH;0000883948;UNION BANKSHARES CORP;Union Bankshares Corp
UBSI;0000729986;UNITED BANKSHARES INC;United Bankshares Inc/WV
UCBI;0000857855;UNITED COMMUNITY BANKS/GA;United Community Banks Inc/GA
UCFC;0000707886;UNITED COMMUNITY FINANCIAL;United Community Financial Cor
UCTT;0001275014;ULTRA CLEAN HOLDINGS INC;Ultra Clean Holdings Inc
UDR;0000074208;UDR INC;UDR Inc
UE;0001611547;URBAN EDGE PROPERTIES;Urban Edge Properties
UEC;0001334933;URANIUM ENERGY CORP;Uranium Energy Corp
UEIC;0000101984;UNIVERSAL ELECTRONICS INC;Universal Electronics Inc
UFCS;0000101199;UNITED FIRE GROUP INC;United Fire Group Inc
UFI;0000100726;UNIFI INC;Unifi Inc
UFPI;0000912767;UNIVERSAL FOREST PRODUCTS;Universal Forest Products Inc
UFPT;0000914156;UFP TECHNOLOGIES INC;UFP Technologies Inc
UFS;0001381531;DOMTAR CORP;Domtar Corp
UGI;0000884614;UGI CORP;UGI Corp
UHAL;0000004457;AMERCO;AMERCO
UHS;0000352915;UNIVERSAL HEALTH SERVICES-B;Universal Health Services Inc
UHT;0000798783;UNIVERSAL HEALTH RLTY INCOME;Universal Health Realty Income
UIHC;0001401521;UNITED INSURANCE HOLDINGS CO;United Insurance Holdings Corp
UIS;0000746838;UNISYS CORP;Unisys Corp
ULH;0001308208;UNIVERSAL LOGISTICS HOLDINGS;Universal Logistics Holdings I
ULTA;0001403568;ULTA BEAUTY INC;Ulta Beauty Inc
ULTI;0001016125;ULTIMATE SOFTWARE GROUP INC;Ultimate Software Group Inc/Th
UMBF;0000101382;UMB FINANCIAL CORP;UMB Financial Corp
UMH;0000752642;UMH PROPERTIES INC;UMH Properties Inc
UMPQ;0001077771;UMPQUA HOLDINGS CORP;Umpqua Holdings Corp
UNB;0000706863;UNION BANKSHARES INC /VT;Union Bankshares Inc/Morrisvil
UNF;0000717954;UNIFIRST CORP/MA;UniFirst Corp/MA
UNFI;0001020859;UNITED NATURAL FOODS INC;United Natural Foods Inc
UNH;0000731766;UNITEDHEALTH GROUP INC;UnitedHealth Group Inc
UNIT;0001620280;UNITI GROUP INC;Uniti Group Inc
UNM;0000005513;UNUM GROUP;Unum Group
UNP;0000100885;UNION PACIFIC CORP;Union Pacific Corp
UNT;0000798949;UNIT CORP;Unit Corp
UNTY;0000920427;UNITY BANCORP INC;Unity Bancorp Inc
UNVR;0001494319;UNIVAR INC;Univar Inc
UPL;0001022646;ULTRA PETROLEUM CORP;Ultra Petroleum Corp
UPLD;0001505155;UPLAND SOFTWARE INC;Upland Software Inc
UPS;0001090727;UNITED PARCEL SERVICE-CL B;United Parcel Service Inc
URBN;0000912615;URBAN OUTFITTERS INC;Urban Outfitters Inc
URI;0001067701;UNITED RENTALS INC;United Rentals Inc
USAT;0000896429;USA TECHNOLOGIES INC;USA Technologies Inc
USB;0000036104;US BANCORP;US Bancorp
USCR;0001073429;US CONCRETE INC;US Concrete Inc
USFD;0001665918;US FOODS HOLDING CORP;US Foods Holding Corp
USG;0000757011;USG CORP;USG Corp
USLM;0000082020;UNITED STATES LIME & MINERAL;United States Lime & Minerals
USM;0000821130;US CELLULAR CORP;United States Cellular Corp
USNA;0000896264;USANA HEALTH SCIENCES INC;USANA Health Sciences Inc
USPH;0000885978;U.S. PHYSICAL THERAPY INC;US Physical Therapy Inc
UTHR;0001082554;UNITED THERAPEUTICS CORP;United Therapeutics Corp
UTL;0000755001;UNITIL CORP;Unitil Corp
UTMD;0000706698;UTAH MEDICAL PRODUCTS INC;Utah Medical Products Inc
UTX;0000101829;UNITED TECHNOLOGIES CORP;United Technologies Corp
UVE;0000891166;UNIVERSAL INSURANCE HOLDINGS;Universal Insurance Holdings I
UVSP;0000102212;UNIVEST CORP OF PENNSYLVANIA;Univest Corp of Pennsylvania
UVV;0000102037;UNIVERSAL CORP/VA;Universal Corp/VA
V;0001403161;VISA INC-CLASS A SHARES;Visa Inc
VAC;0001524358;MARRIOTT VACATIONS WORLD;Marriott Vacations Worldwide C
VALU;0000717720;VALUE LINE INC;Value Line Inc
VAR;0000203527;VARIAN MEDICAL SYSTEMS INC;Varian Medical Systems Inc
VBIV;0000764195;VBI VACCINES INC;VBI Vaccines Inc
VBTX;0001501570;VERITEX HOLDINGS INC;Veritex Holdings Inc
VC;0001111335;VISTEON CORP;Visteon Corp
VCRA;0001129260;VOCERA COMMUNICATIONS INC;Vocera Communications Inc
VCYT;0001384101;VERACYTE INC;Veracyte Inc
VDSI;0001044777;VASCO DATA SECURITY INTL;VASCO Data Security Internatio
VEC;0001601548;VECTRUS INC;Vectrus Inc
VECO;0000103145;VEECO INSTRUMENTS INC;Veeco Instruments Inc
VEEV;0001393052;VEEVA SYSTEMS INC-CLASS A;Veeva Systems Inc
VER;0001507385;VEREIT INC;VEREIT Inc
VERI;0001615165;VERITONE INC;Veritone Inc
VFC;0000103379;VF CORP;VF Corp
VG;0001272830;VONAGE HOLDINGS CORP;Vonage Holdings Corp
VGR;0000059440;VECTOR GROUP LTD;Vector Group Ltd
VHC;0001082324;VIRNETX HOLDING CORP;VirnetX Holding Corp
VHI;0000059255;VALHI INC;Valhi Inc
VIA;0001339947;VIACOM INC-CLASS A;Viacom Inc
VIAB;0001339947;VIACOM INC-CLASS B;Viacom Inc
VIAV;0000912093;VIAVI SOLUTIONS INC;Viavi Solutions Inc
VICI;0001705696;VICI PROPERTIES INC;VICI Properties Inc
VICR;0000751978;VICOR CORP;Vicor Corp
VIRT;0001592386;VIRTU FINANCIAL INC-CLASS A;Virtu Financial Inc
VIVE;0000879682;VIVEVE MEDICAL INC;Viveve Medical Inc
VIVO;0000794172;MERIDIAN BIOSCIENCE INC;Meridian Bioscience Inc
VLGEA;0000103595;VILLAGE SUPER MARKET-CLASS A;Village Super Market Inc
VLO;0000021271;VALERO ENERGY CORP;Valero Energy Corp
VLY;0000714310;VALLEY NATIONAL BANCORP;Valley National Bancorp
VMC;0001396009;VULCAN MATERIALS CO;Vulcan Materials Co
VMI;0000102729;VALMONT INDUSTRIES;Valmont Industries Inc
VMW;0001124610;VMWARE INC-CLASS A;VMware Inc
VNDA;0001347178;VANDA PHARMACEUTICALS INC;Vanda Pharmaceuticals Inc
VNO;0000899689;VORNADO REALTY TRUST;Vornado Realty Trust
VOXX;0000807707;VOXX INTERNATIONAL CORP;VOXX International Corp
VOYA;0001535929;VOYA FINANCIAL INC;Voya Financial Inc
VPG;0001487952;VISHAY PRECISION GROUP;Vishay Precision Group Inc
VR;0001348259;VALIDUS HOLDINGS LTD;Validus Holdings Ltd
VRA;0001495320;VERA BRADLEY INC;Vera Bradley Inc
VRAY;0001597313;VIEWRAY INC;ViewRay Inc
VREX;0001681622;VAREX IMAGING CORP;Varex Imaging Corp
VRNS;0001361113;VARONIS SYSTEMS INC;Varonis Systems Inc
VRNT;0001166388;VERINT SYSTEMS INC;Verint Systems Inc
VRS;0001421182;VERSO CORP - A;Verso Corp
VRSK;0001442145;VERISK ANALYTICS INC;Verisk Analytics Inc
VRSN;0001014473;VERISIGN INC;VeriSign Inc
VRTS;0000883237;VIRTUS INVESTMENT PARTNERS;Virtus Investment Partners Inc
VRTU;0001207074;VIRTUSA CORP;Virtusa Corp
VRTV;0001599489;VERITIV CORP;Veritiv Corp
VRTX;0000875320;VERTEX PHARMACEUTICALS INC;Vertex Pharmaceuticals Inc
VSAR;0001513818;VERSARTIS INC;Versartis Inc
VSAT;0000797721;VIASAT INC;ViaSat Inc
VSEC;0000102752;VSE CORP;VSE Corp
VSH;0000103730;VISHAY INTERTECHNOLOGY INC;Vishay Intertechnology Inc
VSI;0001360530;VITAMIN SHOPPE INC;Vitamin Shoppe Inc
VSLR;0001607716;VIVINT SOLAR INC;Vivint Solar Inc
VSM;0001660690;VERSUM MATERIALS INC;Versum Materials Inc
VST;0001692819;VISTRA ENERGY CORP;Vistra Energy Corp
VSTO;0001616318;VISTA OUTDOOR INC;Vista Outdoor Inc
VTR;0000740260;VENTAS INC;Ventas Inc
VTVT;0001641489;VTV THERAPEUTICS INC- CL A;vTv Therapeutics Inc
VVC;0001096385;VECTREN CORP;Vectren Corp
VVI;0000884219;VIAD CORP;Viad Corp
VVV;0001674910;VALVOLINE INC;Valvoline Inc
VYGR;0001640266;VOYAGER THERAPEUTICS INC;Voyager Therapeutics Inc
VZ;0000732712;VERIZON COMMUNICATIONS INC;Verizon Communications Inc
W;0001616707;WAYFAIR INC- CLASS A;Wayfair Inc
WAAS;0001422841;AQUAVENTURE HOLDINGS LTD;AquaVenture Holdings Ltd
WAB;0000943452;WABTEC CORP;Wabtec Corp/DE
WABC;0000311094;WESTAMERICA BANCORPORATION;Westamerica Bancorporation
WAFD;0000936528;WASHINGTON FEDERAL INC;Washington Federal Inc
WAGE;0001158863;WAGEWORKS INC;WageWorks Inc
WAIR;0001378718;WESCO AIRCRAFT HOLDINGS INC;Wesco Aircraft Holdings Inc
WAL;0001212545;WESTERN ALLIANCE BANCORP;Western Alliance Bancorp
WASH;0000737468;WASHINGTON TRUST BANCORP;Washington Trust Bancorp Inc
WAT;0001000697;WATERS CORP;Waters Corp
WATT;0001575793;ENERGOUS CORP;Energous Corp
WBA;0001618921;WALGREENS BOOTS ALLIANCE INC;Walgreens Boots Alliance Inc
WBC;0001390844;WABCO HOLDINGS INC;WABCO Holdings Inc
WBS;0000801337;WEBSTER FINANCIAL CORP;Webster Financial Corp
WBT;0001650962;WELBILT INC;Welbilt Inc
WCC;0000929008;WESCO INTERNATIONAL INC;WESCO International Inc
WCG;0001279363;WELLCARE HEALTH PLANS INC;WellCare Health Plans Inc
WD;0001497770;WALKER & DUNLOP INC;Walker & Dunlop Inc
WDAY;0001327811;WORKDAY INC-CLASS A;Workday Inc
WDC;0000106040;WESTERN DIGITAL CORP;Western Digital Corp
WDFC;0000105132;WD-40 CO;WD-40 Co
WDR;0001052100;WADDELL & REED FINANCIAL-A;Waddell & Reed Financial Inc
WEB;0001095291;WEB.COM GROUP INC;Web.com Group Inc
WEC;0000783325;WEC ENERGY GROUP INC;WEC Energy Group Inc
WELL;0000766704;WELLTOWER INC;Welltower Inc
WEN;0000030697;WENDY'S CO/THE;Wendy's Co/The
WERN;0000793074;WERNER ENTERPRISES INC;Werner Enterprises Inc
WETF;0000880631;WISDOMTREE INVESTMENTS INC;WisdomTree Investments Inc
WEX;0001309108;WEX INC;WEX Inc
WEYS;0000106532;WEYCO GROUP INC;Weyco Group Inc
WFC;0000072971;WELLS FARGO & CO;Wells Fargo & Co
WFT;0001603923;WEATHERFORD INTERNATIONAL PL;Weatherford International PLC
WGL;0001103601;WGL HOLDINGS INC;WGL Holdings Inc
WGO;0000107687;WINNEBAGO INDUSTRIES;Winnebago Industries Inc
WHD;0001699136;CACTUS INC - A;Cactus Inc
WHG;0001165002;WESTWOOD HOLDINGS GROUP INC;Westwood Holdings Group Inc
WHR;0000106640;WHIRLPOOL CORP;Whirlpool Corp
WIFI;0001169988;BOINGO WIRELESS INC;Boingo Wireless Inc
WIN;0001282266;WINDSTREAM HOLDINGS INC;Windstream Holdings Inc
WINA;0000908315;WINMARK CORP;Winmark Corp
WING;0001636222;WINGSTOP INC;Wingstop Inc
WIRE;0000850460;ENCORE WIRE CORP;Encore Wire Corp
WK;0001445305;WORKIVA INC;Workiva Inc
WLB;0000106455;WESTMORELAND COAL CO;Westmoreland Coal Co
WLDN;0001370450;WILLDAN GROUP INC;Willdan Group Inc
WLFC;0001018164;WILLIS LEASE FINANCE CORP;Willis Lease Finance Corp
WLH;0001095996;WILLIAM LYON HOMES-CL A;William Lyon Homes
WLK;0001262823;WESTLAKE CHEMICAL CORP;Westlake Chemical Corp
WLL;0001255474;WHITING PETROLEUM CORP;Whiting Petroleum Corp
WLTW;0001140536;WILLIS TOWERS WATSON PLC;Willis Towers Watson PLC
WM;0000823768;WASTE MANAGEMENT INC;Waste Management Inc
WMB;0000107263;WILLIAMS COS INC;Williams Cos Inc/The
WMC;0001465885;WESTERN ASSET MORTGAGE CAPIT;Western Asset Mortgage Capital
WMGI;0001492658;WRIGHT MEDICAL GROUP NV;Wright Medical Group NV
WMIH;0000933136;WMIH CORP;WMIH Corp
WMK;0000105418;WEIS MARKETS INC;Weis Markets Inc
WMS;0001604028;ADVANCED DRAINAGE SYSTEMS IN;Advanced Drainage Systems Inc
WMT;0000104169;WALMART INC;Walmart Inc
WNC;0000879526;WABASH NATIONAL CORP;Wabash National Corp
WNEB;0001157647;WESTERN NEW ENGLAND BANCORP;Western New England Bancorp In
WOR;0000108516;WORTHINGTON INDUSTRIES;Worthington Industries Inc
WOW;0001701051;WIDEOPENWEST INC;WideOpenWest Inc
WP;0001533932;WORLDPAY INC-CLASS A;Worldpay Inc
WPC;0001025378;WP CAREY INC;WP Carey Inc
WPG;0001594686;WASHINGTON PRIME GROUP INC;Washington Prime Group Inc
WPX;0001518832;WPX ENERGY INC;WPX Energy Inc
WR;0000054507;WESTAR ENERGY INC;Westar Energy Inc
WRB;0000011544;WR BERKLEY CORP;WR Berkley Corp
WRD;0001681714;WILDHORSE RESOURCE DEVELOPME;WildHorse Resource Development
WRE;0000104894;WASHINGTON REIT;Washington Real Estate Investm
WRI;0000828916;WEINGARTEN REALTY INVESTORS;Weingarten Realty Investors
WRK;0001636023;WESTROCK CO;WestRock Co
WRLD;0000108385;WORLD ACCEPTANCE CORP;World Acceptance Corp
WSBC;0000203596;WESBANCO INC;WesBanco Inc
WSBF;0001569994;WATERSTONE FINANCIAL INC;Waterstone Financial Inc
WSFS;0000828944;WSFS FINANCIAL CORP;WSFS Financial Corp
WSM;0000719955;WILLIAMS-SONOMA INC;Williams-Sonoma Inc
WSO;0000105016;WATSCO INC;Watsco Inc
WSR;0001175535;WHITESTONE REIT;Whitestone REIT
WST;0000105770;WEST PHARMACEUTICAL SERVICES;West Pharmaceutical Services I
WTBA;0001166928;WEST BANCORPORATION;West Bancorporation Inc
WTFC;0001015328;WINTRUST FINANCIAL CORP;Wintrust Financial Corp
WTI;0001288403;W&T OFFSHORE INC;W&T Offshore Inc
WTM;0000776867;WHITE MOUNTAINS INSURANCE GP;White Mountains Insurance Grou
WTR;0000078128;AQUA AMERICA INC;Aqua America Inc
WTS;0000795403;WATTS WATER TECHNOLOGIES-A;Watts Water Technologies Inc
WTTR;0001693256;SELECT ENERGY SERVICES INC-A;Select Energy Services Inc
WTW;0000105319;WEIGHT WATCHERS INTL INC;Weight Watchers International
WU;0001365135;WESTERN UNION CO;Western Union Co/The
WVE;0001631574;WAVE LIFE SCIENCES LTD;WaVe Life Sciences Ltd
WWD;0000108312;WOODWARD INC;Woodward Inc
WWE;0001091907;WORLD WRESTLING ENTERTAIN-A;World Wrestling Entertainment
WWW;0000110471;WOLVERINE WORLD WIDE INC;Wolverine World Wide Inc
WY;0000106535;WEYERHAEUSER CO;Weyerhaeuser Co
WYN;0001361658;WYNDHAM WORLDWIDE CORP;Wyndham Worldwide Corp
WYNN;0001174922;WYNN RESORTS LTD;Wynn Resorts Ltd
X;0001163302;UNITED STATES STEEL CORP;United States Steel Corp
XBIT;0001626878;XBIOTECH INC;XBiotech Inc
XCRA;0000357020;XCERRA CORP;Xcerra Corp
XEC;0001168054;CIMAREX ENERGY CO;Cimarex Energy Co
XEL;0000072903;XCEL ENERGY INC;Xcel Energy Inc
XENT;0001271214;INTERSECT ENT INC;Intersect ENT Inc
XHR;0001616000;XENIA HOTELS & RESORTS INC;Xenia Hotels & Resorts Inc
XL;0000875159;XL GROUP LTD;XL Group Ltd
XLNX;0000743988;XILINX INC;Xilinx Inc
XLRN;0001280600;ACCELERON PHARMA INC;Acceleron Pharma Inc
XNCR;0001326732;XENCOR INC;Xencor Inc
XOG;0001655020;EXTRACTION OIL & GAS INC;Extraction Oil & Gas Inc
XOM;0000034088;EXXON MOBIL CORP;Exxon Mobil Corp
XON;0001356090;INTREXON CORP;Intrexon Corp
XONE;0001561627;EXONE CO/THE;ExOne Co/The
XOXO;0001062292;XO GROUP INC;XO Group Inc
XPER;0001690666;XPERI CORP;Xperi Corp
XPO;0001166003;XPO LOGISTICS INC;XPO Logistics Inc
XRAY;0000818479;DENTSPLY SIRONA INC;DENTSPLY SIRONA Inc
XRX;0000108772;XEROX CORP;Xerox Corp
XYL;0001524472;XYLEM INC;Xylem Inc/NY
Y;0000775368;ALLEGHANY CORP;Alleghany Corp
YELP;0001345016;YELP INC;Yelp Inc
YEXT;0001614178;YEXT INC;Yext Inc
YORW;0000108985;YORK WATER CO;York Water Co/The
YRCW;0000716006;YRC WORLDWIDE INC;YRC Worldwide Inc
YUM;0001041061;YUM! BRANDS INC;Yum! Brands Inc
YUMC;0001673358;YUM CHINA HOLDINGS INC;Yum China Holdings Inc
Z;0001617640;ZILLOW GROUP INC - C;Zillow Group Inc
ZAGG;0001296205;ZAGG INC;ZAGG Inc
ZAYO;0001608249;ZAYO GROUP HOLDINGS INC;Zayo Group Holdings Inc
ZBH;0001136869;ZIMMER BIOMET HOLDINGS INC;Zimmer Biomet Holdings Inc
ZBRA;0000877212;ZEBRA TECHNOLOGIES CORP-CL A;Zebra Technologies Corp
ZEN;0001463172;ZENDESK INC;Zendesk Inc
ZEUS;0000917470;OLYMPIC STEEL INC;Olympic Steel Inc
ZG;0001617640;ZILLOW GROUP INC - A;Zillow Group Inc
ZGNX;0001375151;ZOGENIX INC;Zogenix Inc
ZION;0000109380;ZIONS BANCORPORATION;Zions Bancorporation
ZIOP;0001107421;ZIOPHARM ONCOLOGY INC;ZIOPHARM Oncology Inc
ZIXI;0000855612;ZIX CORP;Zix Corp
ZNGA;0001439404;ZYNGA INC - CL A;Zynga Inc
ZOES;0001594879;ZOE'S KITCHEN INC;Zoe's Kitchen Inc
ZTS;0001555280;ZOETIS INC;Zoetis Inc
ZUMZ;0001318008;ZUMIEZ INC;Zumiez Inc
ZYNE;0001621443;ZYNERBA PHARMACEUTICALS INC;Zynerba Pharmaceuticals Inc