ONB;0000707179;OLD NATIONAL BANCORP;Old National Bancorp/IN
ONCE;0001609351;SPARK THERAPEUTICS INC;Spark Therapeutics Inc
ONDK;0001420811;ON DECK CAPITAL INC;On Deck Capital Inc
ONVO;0001497253;ORGANOVO HOLDINGS INC;Organovo Holdings Inc
OOMA;0001327688;OOMA INC;Ooma Inc
OPB;0001697463;OPUS BANK;Opus Bank
OPK;0000944809;OPKO HEALTH INC;OPKO Health Inc
OPOF;0000740971;OLD POINT FINANCIAL CORP;Old Point Financial Corp
OPTN;0001494650;OPTINOSE INC;Optinose Inc
OPY;0000791963;OPPENHEIMER HOLDINGS-CL A;Oppenheimer Holdings Inc
ORA;0001296445;ORMAT TECHNOLOGIES INC;Ormat Technologies Inc
ORBC;0001361983;ORBCOMM INC;ORBCOMM Inc
ORC;0001518621;ORCHID ISLAND CAPITAL INC;Orchid Island Capital Inc
ORCL;0001341439;ORACLE CORP;Oracle Corp
ORI;0000074260;OLD REPUBLIC INTL CORP;Old Republic International Cor
ORIT;0001483195;ORITANI FINANCIAL CORP;Oritani Financial Corp
ORLY;0000898173;O'REILLY AUTOMOTIVE INC;O'Reilly Automotive Inc
ORM;0001556364;OWENS REALTY MORTGAGE INC;Owens Realty Mortgage Inc
ORN;0001402829;ORION GROUP HOLDINGS INC;Orion Group Holdings Inc
ORRF;0000826154;ORRSTOWN FINL SERVICES INC;Orrstown Financial Services In
OSBC;0000357173;OLD SECOND BANCORP INC;Old Second Bancorp Inc
OSG;0000075208;OVERSEAS SHIPHOLDING GROUP-A;Overseas Shipholding Group Inc
OSIS;0001039065;OSI SYSTEMS INC;OSI Systems Inc
OSK;0000775158;OSHKOSH CORP;Oshkosh Corp
OSTK;0001130713;OVERSTOCK.COM INC;Overstock.com Inc
OSUR;0001116463;ORASURE TECHNOLOGIES INC;OraSure Technologies Inc
OTIC;0001493566;OTONOMY INC;Otonomy Inc
OTTR;0001466593;OTTER TAIL CORP;Otter Tail Corp
OUT;0001579877;OUTFRONT MEDIA INC;Outfront Media Inc
OVBC;0000894671;OHIO VALLEY BANC CORP;Ohio Valley Banc Corp
OVID;0001636651;OVID THERAPEUTICS INC;Ovid therapeutics Inc
OXFD;0001586049;OXFORD IMMUNOTEC GLOBAL PLC;Oxford Immunotec Global PLC
OXM;0000075288;OXFORD INDUSTRIES INC;Oxford Industries Inc
OXY;0000797468;OCCIDENTAL PETROLEUM CORP;Occidental Petroleum Corp
OZRK;0001038205;BANK OF THE OZARKS;Bank of the Ozarks
P;0001230276;PANDORA MEDIA INC;Pandora Media Inc
PACB;0001299130;PACIFIC BIOSCIENCES OF CALIF;Pacific Biosciences of Califor
PACW;0001102112;PACWEST BANCORP;PacWest Bancorp
PAG;0001019849;PENSKE AUTOMOTIVE GROUP INC;Penske Automotive Group Inc
PAH;0001590714;PLATFORM SPECIALTY PRODUCTS;Platform Specialty Products Co
PAHC;0001069899;PHIBRO ANIMAL HEALTH CORP-A;Phibro Animal Health Corp
PANW;0001327567;PALO ALTO NETWORKS INC;Palo Alto Networks Inc
PARR;0000821483;PAR PACIFIC HOLDINGS INC;Par Pacific Holdings Inc
PATK;0000076605;PATRICK INDUSTRIES INC;Patrick Industries Inc
PAY;0001312073;VERIFONE SYSTEMS INC;VeriFone Systems Inc
PAYC;0001590955;PAYCOM SOFTWARE INC;Paycom Software Inc
PAYX;0000723531;PAYCHEX INC;Paychex Inc
PB;0001068851;PROSPERITY BANCSHARES INC;Prosperity Bancshares Inc
PBCT;0001378946;PEOPLE'S UNITED FINANCIAL;People's United Financial Inc
PBF;0001534504;PBF ENERGY INC-CLASS A;PBF Energy Inc
PBH;0001295947;PRESTIGE BRANDS HOLDINGS INC;Prestige Brands Holdings Inc
PBI;0000078814;PITNEY BOWES INC;Pitney Bowes Inc
PBIP;0001578776;PRUDENTIAL BANCORP INC;Prudential Bancorp Inc
PBPB;0001195734;POTBELLY CORP;Potbelly Corp
PBYI;0001401667;PUMA BIOTECHNOLOGY INC;Puma Biotechnology Inc
PCAR;0000075362;PACCAR INC;PACCAR Inc
PCG;0001004980;P G & E CORP;PG&E Corp
PCH;0001338749;POTLATCHDELTIC CORP;PotlatchDeltic Corp
PCMI;0000937941;PCM INC;PCM Inc
PCRX;0001396814;PACIRA PHARMACEUTICALS INC;Pacira Pharmaceuticals Inc/DE
PCSB;0001691337;PCSB FINANCIAL CORP;PCSB Financial Corp
PCTY;0001591698;PAYLOCITY HOLDING CORP;Paylocity Holding Corp
PCYG;0000050471;PARK CITY GROUP INC;Park City Group Inc
PCYO;0000276720;PURE CYCLE CORP;Pure Cycle Corp
PDCE;0000077877;PDC ENERGY INC;PDC Energy Inc
PDCO;0000891024;PATTERSON COS INC;Patterson Cos Inc
PDFS;0001120914;PDF SOLUTIONS INC;PDF Solutions Inc
PDLI;0000882104;PDL BIOPHARMA INC;PDL BioPharma Inc
PDM;0001042776;PIEDMONT OFFICE REALTY TRU-A;Piedmont Office Realty Trust I
PDVW;0001304492;PDVWIRELESS INC;pdvWireless Inc
PE;0001594466;PARSLEY ENERGY INC-CLASS A;Parsley Energy Inc
PEB;0001474098;PEBBLEBROOK HOTEL TRUST;Pebblebrook Hotel Trust
PEBK;0001093672;PEOPLES BANCORP OF NC;Peoples Bancorp of North Carol
PEBO;0000318300;PEOPLES BANCORP INC;Peoples Bancorp Inc/OH
PEG;0000788784;PUBLIC SERVICE ENTERPRISE GP;Public Service Enterprise Grou
PEGA;0001013857;PEGASYSTEMS INC;Pegasystems Inc
PEGI;0001561660;PATTERN ENERGY GROUP INC -A;Pattern Energy Group Inc
PEI;0000077281;PENN REAL ESTATE INVEST TST;Pennsylvania Real Estate Inves
PEIX;0000778164;PACIFIC ETHANOL INC;Pacific Ethanol Inc
PEN;0001321732;PENUMBRA INC;Penumbra Inc
PENN;0000921738;PENN NATIONAL GAMING INC;Penn National Gaming Inc
PEP;0000077476;PEPSICO INC;PepsiCo Inc
PERY;0000900349;PERRY ELLIS INTERNATIONAL;Perry Ellis International Inc
PES;0000320575;PIONEER ENERGY SERVICES CORP;Pioneer Energy Services Corp
PETQ;0001668673;PETIQ INC;PetIQ Inc
PETS;0001040130;PETMED EXPRESS INC;PetMed Express Inc
PETX;0001509190;ARATANA THERAPEUTICS INC;Aratana Therapeutics Inc
PF;0001564822;PINNACLE FOODS INC;Pinnacle Foods Inc
PFBC;0001492165;PREFERRED BANK/LOS ANGELES;Preferred Bank/Los Angeles CA
PFBI;0000887919;PREMIER FINANCIAL BANCORP;Premier Financial Bancorp Inc
PFE;0000078003;PFIZER INC;Pfizer Inc
PFG;0001126328;PRINCIPAL FINANCIAL GROUP;Principal Financial Group Inc
PFGC;0001618673;PERFORMANCE FOOD GROUP CO;Performance Food Group Co
PFIS;0001056943;PEOPLES FINANCIAL SERVICES;Peoples Financial Services Cor
PFPT;0001212458;PROOFPOINT INC;Proofpoint Inc
PFS;0001178970;PROVIDENT FINANCIAL SERVICES;Provident Financial Services I
PFSI;0001568669;PENNYMAC FINANCIAL SERVICE-A;PennyMac Financial Services In
PG;0000080424;PROCTER & GAMBLE CO/THE;Procter & Gamble Co/The
PGC;0001050743;PEAPACK GLADSTONE FINL CORP;Peapack Gladstone Financial Co
PGNX;0000835887;PROGENICS PHARMACEUTICALS;Progenics Pharmaceuticals Inc
PGR;0000080661;PROGRESSIVE CORP;Progressive Corp/The
PGRE;0001605607;PARAMOUNT GROUP INC;Paramount Group Inc
PGTI;0001354327;PGT INNOVATIONS INC;PGT Innovations Inc
PH;0000076334;PARKER HANNIFIN CORP;Parker-Hannifin Corp
PHH;0000077776;PHH CORP;PHH Corp
PHIIK;0000350403;PHI INC-NON VOTING;PHI Inc
PHM;0000822416;PULTEGROUP INC;PulteGroup Inc
PHX;0000315131;PANHANDLE OIL AND GAS INC-A;Panhandle Oil and Gas Inc
PI;0001114995;IMPINJ INC;Impinj Inc
PICO;0000830122;PICO HOLDINGS INC;PICO Holdings Inc
PII;0000931015;POLARIS INDUSTRIES INC;Polaris Industries Inc
PINC;0001577916;PREMIER INC-CLASS A;Premier Inc
PIR;0000278130;PIER 1 IMPORTS INC;Pier 1 Imports Inc
PIRS;0001583648;PIERIS PHARMACEUTICALS INC;Pieris Pharmaceuticals Inc
PJC;0001230245;PIPER JAFFRAY COS;Piper Jaffray Cos
PJT;0001626115;PJT PARTNERS INC - A;PJT Partners Inc
PK;0001617406;PARK HOTELS & RESORTS INC;Park Hotels & Resorts Inc
PKBK;0001315399;PARKE BANCORP INC;Parke Bancorp Inc
PKD;0000076321;PARKER DRILLING CO;Parker Drilling Co
PKE;0000076267;PARK ELECTROCHEMICAL CORP;Park Electrochemical Corp
PKG;0000075677;PACKAGING CORP OF AMERICA;Packaging Corp of America
PKI;0000031791;PERKINELMER INC;PerkinElmer Inc
PKOH;0000076282;PARK-OHIO HOLDINGS CORP;Park-Ohio Holdings Corp
PLAB;0000810136;PHOTRONICS INC;Photronics Inc
PLAY;0001525769;DAVE & BUSTER'S ENTERTAINMEN;Dave & Buster's Entertainment
PLCE;0001041859;CHILDREN'S PLACE INC/THE;Children's Place Inc/The
PLD;0001045609;PROLOGIS INC;Prologis Inc
PLNT;0001637207;PLANET FITNESS INC - CL A;Planet Fitness Inc
PLOW;0001287213;DOUGLAS DYNAMICS INC;Douglas Dynamics Inc
PLPC;0000080035;PREFORMED LINE PRODUCTS CO;Preformed Line Products Co
PLSE;0001625101;PULSE BIOSCIENCES INC;Pulse Biosciences Inc
PLT;0000914025;PLANTRONICS INC;Plantronics Inc
PLUG;0001093691;PLUG POWER INC;Plug Power Inc
PLUS;0001022408;EPLUS INC;ePlus Inc
PLXS;0000785786;PLEXUS CORP;Plexus Corp
PM;0001413329;PHILIP MORRIS INTERNATIONAL;Philip Morris International In
PMBC;0001109546;PACIFIC MERCANTILE BANCORP;Pacific Mercantile Bancorp
PMT;0001464423;PENNYMAC MORTGAGE INVESTMENT;PennyMac Mortgage Investment T
PMTS;0001641614;CPI CARD GROUP INC;CPI Card Group Inc
PNC;0000713676;PNC FINANCIAL SERVICES GROUP;PNC Financial Services Group I
PNFP;0001115055;PINNACLE FINANCIAL PARTNERS;Pinnacle Financial Partners In
PNK;0001656239;PINNACLE ENTERTAINMENT INC;Pinnacle Entertainment Inc
PNM;0001108426;PNM RESOURCES INC;PNM Resources Inc
PNR;0000077360;PENTAIR PLC;Pentair PLC
PNW;0000764622;PINNACLE WEST CAPITAL;Pinnacle West Capital Corp
PODD;0001145197;INSULET CORP;Insulet Corp
POL;0001122976;POLYONE CORPORATION;PolyOne Corp
POOL;0000945841;POOL CORP;Pool Corp
POR;0000784977;PORTLAND GENERAL ELECTRIC CO;Portland General Electric Co
POST;0001530950;POST HOLDINGS INC;Post Holdings Inc
POWI;0000833640;POWER INTEGRATIONS INC;Power Integrations Inc
POWL;0000080420;POWELL INDUSTRIES INC;Powell Industries Inc
PPBI;0001028918;PACIFIC PREMIER BANCORP INC;Pacific Premier Bancorp Inc
PPC;0000802481;PILGRIM'S PRIDE CORP;Pilgrim's Pride Corp
PPG;0000079879;PPG INDUSTRIES INC;PPG Industries Inc
PPL;0000922224;PPL CORP;PPL Corp
PQG;0001708035;PQ GROUP HOLDINGS INC;PQ Group Holdings Inc
PRA;0001127703;PROASSURANCE CORP;ProAssurance Corp
PRAA;0001185348;PRA GROUP INC;PRA Group Inc
PRAH;0001613859;PRA HEALTH SCIENCES INC;PRA Health Sciences Inc
PRFT;0001085869;PERFICIENT INC;Perficient Inc
PRGO;0001585364;PERRIGO CO PLC;Perrigo Co PLC
PRGS;0000876167;PROGRESS SOFTWARE CORP;Progress Software Corp
PRI;0001475922;PRIMERICA INC;Primerica Inc
PRIM;0001361538;PRIMORIS SERVICES CORP;Primoris Services Corp
PRK;0000805676;PARK NATIONAL CORP;Park National Corp
PRLB;0001443669;PROTO LABS INC;Proto Labs Inc
PRMW;0001365101;PRIMO WATER CORP;Primo Water Corp
PRO;0001392972;PROS HOLDINGS INC;PROS Holdings Inc
PROV;0001010470;PROVIDENT FINANCIAL HLDGS;Provident Financial Holdings I
PRSC;0001220754;PROVIDENCE SERVICE CORP;Providence Service Corp/The
PRTA;0001559053;PROTHENA CORP PLC;Prothena Corp PLC
PRTK;0001178711;PARATEK PHARMACEUTICALS INC;Paratek Pharmaceuticals Inc
PRTY;0001592058;PARTY CITY HOLDCO INC;Party City Holdco Inc
PRU;0001137774;PRUDENTIAL FINANCIAL INC;Prudential Financial Inc
PSA;0001393311;PUBLIC STORAGE;Public Storage
PSB;0000866368;PS BUSINESS PARKS INC/CA;PS Business Parks Inc
PSDO;0001631825;PRESIDIO INC;Presidio Inc
PSMT;0001041803;PRICESMART INC;PriceSmart Inc
PSTG;0001474432;PURE STORAGE INC - CLASS A;Pure Storage Inc
PSX;0001534701;PHILLIPS 66;Phillips 66
PTC;0000857005;PTC INC;PTC Inc
PTCT;0001070081;PTC THERAPEUTICS INC;PTC Therapeutics Inc
PTEN;0000889900;PATTERSON-UTI ENERGY INC;Patterson-UTI Energy Inc
PTGX;0001377121;PROTAGONIST THERAPEUTICS INC;Protagonist Therapeutics Inc
PTLA;0001269021;PORTOLA PHARMACEUTICALS INC;Portola Pharmaceuticals Inc
PUB;0001636286;PEOPLE'S UTAH BANCORP;People's Utah Bancorp
PUMP;0001680247;PROPETRO HOLDING CORP;ProPetro Holding Corp
PVAC;0000077159;PENN VIRGINIA CORP;Penn Virginia Corp
PVBC;0001635840;PROVIDENT BANCORP INC;Provident Bancorp Inc
PVH;0000078239;PVH CORP;PVH Corp
PWOD;0000716605;PENNS WOODS BANCORP INC;Penns Woods Bancorp Inc
PWR;0001050915;QUANTA SERVICES INC;Quanta Services Inc
PX;0000884905;PRAXAIR INC;Praxair Inc
PXD;0001038357;PIONEER NATURAL RESOURCES CO;Pioneer Natural Resources Co
PXLW;0001040161;PIXELWORKS INC;Pixelworks Inc
PYPL;0001633917;PAYPAL HOLDINGS INC;PayPal Holdings Inc
PZN;0001399249;PZENA INVESTMENT MANAGM-CL A;Pzena Investment Management In
PZZA;0000901491;PAPA JOHN'S INTL INC;Papa John's International Inc
QADA;0001036188;QAD INC-A;QAD Inc
QCOM;0000804328;QUALCOMM INC;QUALCOMM Inc
QCP;0001677203;QUALITY CARE PROPERTIES;Quality Care Properties Inc
QCRH;0000906465;QCR HOLDINGS INC;QCR Holdings Inc
QDEL;0000353569;QUIDEL CORP;Quidel Corp
QEP;0001108827;QEP RESOURCES INC;QEP Resources Inc
QES;0001704235;QUINTANA ENERGY SERVICES INC;Quintana Energy Services Inc
QGEN;0001015820;QIAGEN N.V.;QIAGEN NV
QLYS;0001107843;QUALYS INC;Qualys Inc
QNST;0001117297;QUINSTREET INC;QuinStreet Inc
QRTEA;0001355096;QURATE RETAIL GROUP INC-A;Qurate Retail Group Inc QVC Gr
QRVO;0001604778;QORVO INC;Qorvo Inc
QSII;0000708818;QUALITY SYSTEMS INC;Quality Systems Inc
QTM;0000709283;QUANTUM CORP;Quantum Corp
QTNA;0001370702;QUANTENNA COMMUNICATIONS INC;Quantenna Communications Inc
QTNT;0001596946;QUOTIENT LTD;Quotient Ltd
QTRX;0001503274;QUANTERIX CORP;Quanterix Corp
QTS;0001577368;QTS REALTY TRUST INC-CL A;QTS Realty Trust Inc
QTWO;0001410384;Q2 HOLDINGS INC;Q2 Holdings Inc
QUAD;0001481792;QUAD GRAPHICS INC;Quad/Graphics Inc
QUOT;0001115128;QUOTIENT TECHNOLOGY INC;Quotient Technology Inc
R;0000085961;RYDER SYSTEM INC;Ryder System Inc
RAD;0000084129;RITE AID CORP;Rite Aid Corp
RAIL;0001320854;FREIGHTCAR AMERICA INC;FreightCar America Inc
RARE;0001515673;ULTRAGENYX PHARMACEUTICAL IN;Ultragenyx Pharmaceutical Inc
RARX;0001481512;RA PHARMACEUTICALS INC;Ra Pharmaceuticals Inc
RAS;0001045425;RAIT FINANCIAL TRUST;RAIT Financial Trust
RAVN;0000082166;RAVEN INDUSTRIES INC;Raven Industries Inc
RBB;0001499422;RBB BANCORP;RBB Bancorp
RBBN;0001708055;RIBBON COMMUNICATIONS INC;Ribbon Communications Inc
RBC;0000082811;REGAL BELOIT CORP;Regal Beloit Corp
RBCAA;0000921557;REPUBLIC BANCORP INC-CLASS A;Republic Bancorp Inc/KY
RBNC;0001606440;RELIANT BANCORP INC;Reliant Bancorp Inc
RCII;0000933036;RENT-A-CENTER INC;Rent-A-Center Inc/TX
RCL;0000884887;ROYAL CARIBBEAN CRUISES LTD;Royal Caribbean Cruises Ltd
RCM;0001472595;R1 RCM INC;R1 RCM Inc
RDC;0000085408;ROWAN COMPANIES PLC-A;Rowan Cos Plc
RDFN;0001382821;REDFIN CORP;Redfin Corp
RDI;0000716634;READING INTERNATIONAL INC-A;Reading International Inc
RDN;0000890926;RADIAN GROUP INC;Radian Group Inc
RDNT;0000790526;RADNET INC;RadNet Inc
RDUS;0001428522;RADIUS HEALTH INC;Radius Health Inc
RDVT;0001720116;RED VIOLET INC;Red Violet Inc
RE;0001095073;EVEREST RE GROUP LTD;Everest Re Group Ltd
RECN;0001084765;RESOURCES CONNECTION INC;Resources Connection Inc
REG;0000910606;REGENCY CENTERS CORP;Regency Centers Corp
REGI;0001463258;RENEWABLE ENERGY GROUP INC;Renewable Energy Group Inc
REGN;0000872589;REGENERON PHARMACEUTICALS;Regeneron Pharmaceuticals Inc
REI;0001384195;RING ENERGY INC;Ring Energy Inc
REIS;0001038222;REIS INC;Reis Inc
REN;0001469510;RESOLUTE ENERGY CORP;Resolute Energy Corp
REPH;0001588972;RECRO PHARMA INC;Recro Pharma Inc
RES;0000742278;RPC INC;RPC Inc
RESI;0001555039;FRONT YARD RESIDENTIAL CORP;Front Yard Residential Corp
RETA;0001358762;REATA PHARMACEUTICALS INC-A;Reata Pharmaceuticals Inc
REV;0000887921;REVLON INC-CLASS A;Revlon Inc
REVG;0001687221;REV GROUP INC;REV Group Inc
REX;0000744187;REX AMERICAN RESOURCES CORP;REX American Resources Corp
REXR;0001571283;REXFORD INDUSTRIAL REALTY IN;Rexford Industrial Realty Inc
RF;0001281761;REGIONS FINANCIAL CORP;Regions Financial Corp
RFL;0001713863;RAFAEL HOLDINGS INC-CLASS B;Rafael Holdings Inc
RGA;0000898174;REINSURANCE GROUP OF AMERICA;Reinsurance Group of America I
RGCO;0001069533;RGC RESOURCES INC;RGC Resources Inc
RGEN;0000730272;REPLIGEN CORP;Repligen Corp
RGLD;0000085535;ROYAL GOLD INC;Royal Gold Inc
RGNX;0001590877;REGENXBIO INC;REGENXBIO Inc
RGR;0000095029;STURM RUGER & CO INC;Sturm Ruger & Co Inc
RGS;0000716643;REGIS CORP;Regis Corp
RH;0001528849;RH;RH
RHI;0000315213;ROBERT HALF INTL INC;Robert Half International Inc
RHP;0001040829;RYMAN HOSPITALITY PROPERTIES;Ryman Hospitality Properties I
RHT;0001087423;RED HAT INC;Red Hat Inc
RICK;0000935419;RCI HOSPITALITY HOLDINGS INC;RCI Hospitality Holdings Inc
RIG;0001451505;TRANSOCEAN LTD;Transocean Ltd
RIGL;0001034842;RIGEL PHARMACEUTICALS INC;Rigel Pharmaceuticals Inc
RILY;0001464790;B. RILEY FINANCIAL INC;B. Riley Financial Inc
RJF;0000720005;RAYMOND JAMES FINANCIAL INC;Raymond James Financial Inc
RL;0001037038;RALPH LAUREN CORP;Ralph Lauren Corp
RLGT;0001171155;RADIANT LOGISTICS INC;Radiant Logistics Inc
RLGY;0001398987;REALOGY HOLDINGS CORP;Realogy Holdings Corp
RLH;0001052595;RED LION HOTELS CORP;Red Lion Hotels Corp
RLI;0000084246;RLI CORP;RLI Corp
RLJ;0001511337;RLJ LODGING TRUST;RLJ Lodging Trust
RM;0001519401;REGIONAL MANAGEMENT CORP;Regional Management Corp
RMAX;0001581091;RE/MAX HOLDINGS INC-CL A;RE/MAX Holdings Inc
RMBS;0000917273;RAMBUS INC;Rambus Inc
RMD;0000943819;RESMED INC;ResMed Inc
RMR;0001644378;RMR GROUP INC/THE - A;RMR Group Inc/The
RMTI;0001041024;ROCKWELL MEDICAL INC;Rockwell Medical Inc
RNET;0001162112;RIGNET INC;RigNet Inc
RNG;0001384905;RINGCENTRAL INC-CLASS A;RingCentral Inc
RNGR;0001699039;RANGER ENERGY SERVICES INC;Ranger Energy Services Inc
RNR;0000913144;RENAISSANCERE HOLDINGS LTD;RenaissanceRe Holdings Ltd
RNST;0000715072;RENASANT CORP;Renasant Corp
RNWK;0001046327;REALNETWORKS INC;RealNetworks Inc
ROCK;0000912562;GIBRALTAR INDUSTRIES INC;Gibraltar Industries Inc
ROG;0000084748;ROGERS CORP;Rogers Corp
ROIC;0001407623;RETAIL OPPORTUNITY INVESTMEN;Retail Opportunity Investments
ROK;0001024478;ROCKWELL AUTOMATION INC;Rockwell Automation Inc
ROL;0000084839;ROLLINS INC;Rollins Inc
ROLL;0001324948;RBC BEARINGS INC;RBC Bearings Inc
ROP;0000882835;ROPER TECHNOLOGIES INC;Roper Technologies Inc
ROSE;0001659122;ROSEHILL RESOURCES INC;Rosehill Resources Inc
ROST;0000745732;ROSS STORES INC;Ross Stores Inc
ROX;0001311538;CASTLE BRANDS INC;Castle Brands Inc
RP;0001286225;REALPAGE INC;RealPage Inc
RPAI;0001222840;RETAIL PROPERTIES OF AME - A;Retail Properties of America I
RPD;0001560327;RAPID7 INC;Rapid7 Inc
RPM;0000110621;RPM INTERNATIONAL INC;RPM International Inc
RPT;0000842183;RAMCO-GERSHENSON PROPERTIES;Ramco-Gershenson Properties Tr
RPXC;0001509432;RPX CORP;RPX Corp
RRC;0000315852;RANGE RESOURCES CORP;Range Resources Corp
RRD;0000029669;RR DONNELLEY & SONS CO;RR Donnelley & Sons Co
RRGB;0001171759;RED ROBIN GOURMET BURGERS;Red Robin Gourmet Burgers Inc
RRR;0001653653;RED ROCK RESORTS INC-CLASS A;Red Rock Resorts Inc
RRTS;0001440024;ROADRUNNER TRANSPORTATION SY;Roadrunner Transportation Syst
RS;0000861884;RELIANCE STEEL & ALUMINUM;Reliance Steel & Aluminum Co
RSG;0001060391;REPUBLIC SERVICES INC;Republic Services Inc
RSO;0001332551;RESOURCE CAPITAL CORP;Resource Capital Corp
RSPP;0001588216;RSP PERMIAN INC;RSP Permian Inc
RST;0001351285;ROSETTA STONE INC;Rosetta Stone Inc
RSYS;0000873044;RADISYS CORP;Radisys Corp
RTEC;0001094392;RUDOLPH TECHNOLOGIES INC;Rudolph Technologies Inc
RTIX;0001100441;RTI SURGICAL INC;RTI Surgical Inc
RTN;0001047122;RAYTHEON COMPANY;Raytheon Co
RTRX;0001438533;RETROPHIN INC;Retrophin Inc
RUBI;0001595974;RUBICON PROJECT INC/THE;Rubicon Project Inc/The
RUN;0001469367;SUNRUN INC;Sunrun Inc
RUSHA;0001012019;RUSH ENTERPRISES INC-CL A;Rush Enterprises Inc
RUSHB;0001012019;RUSH ENTERPRISES INC - CL B;Rush Enterprises Inc
RUTH;0001324272;RUTH'S HOSPITALITY GROUP INC;Ruth's Hospitality Group Inc
RVLT;0000917523;REVOLUTION LIGHTING TECHNOLO;Revolution Lighting Technologi
RVNC;0001479290;REVANCE THERAPEUTICS INC;Revance Therapeutics Inc
RVSB;0001041368;RIVERVIEW BANCORP INC;Riverview Bancorp Inc
RWT;0000930236;REDWOOD TRUST INC;Redwood Trust Inc
RXN;0001439288;REXNORD CORP;Rexnord Corp
RYAM;0001597672;RAYONIER ADVANCED MATERIALS;Rayonier Advanced Materials In
RYI;0001481582;RYERSON HOLDING CORP;Ryerson Holding Corp
RYN;0000052827;RAYONIER INC;Rayonier Inc
RYTM;0001649904;RHYTHM PHARMACEUTICALS INC;Rhythm Pharmaceuticals Inc
S;0000101830;SPRINT CORP;Sprint Corp
SABR;0001597033;SABRE CORP;Sabre Corp
SAFE;0001688852;SAFETY INCOME & GROWTH INC;Safety Income & Growth Inc
SAFM;0000812128;SANDERSON FARMS INC;Sanderson Farms Inc
SAFT;0001172052;SAFETY INSURANCE GROUP INC;Safety Insurance Group Inc
SAGE;0001597553;SAGE THERAPEUTICS INC;Sage Therapeutics Inc
SAH;0001043509;SONIC AUTOMOTIVE INC-CLASS A;Sonic Automotive Inc
SAIA;0001177702;SAIA INC;Saia Inc
SAIC;0001571123;SCIENCE APPLICATIONS INTE;Science Applications Internati
SAIL;0001627857;SAILPOINT TECHNOLOGIES HOLDI;SailPoint Technologies Holding
SALM;0001050606;SALEM MEDIA GROUP INC;Salem Media Group Inc
SALT;0001587264;SCORPIO BULKERS INC;Scorpio Bulkers Inc
SAM;0000949870;BOSTON BEER COMPANY INC-A;Boston Beer Co Inc/The
SAMG;0001549966;SILVERCREST ASSET MANAGEME-A;Silvercrest Asset Management G
SANM;0000897723;SANMINA CORP;Sanmina Corp
SASR;0000824410;SANDY SPRING BANCORP INC;Sandy Spring Bancorp Inc
SATS;0001415404;ECHOSTAR CORP-A;EchoStar Corp
SAVE;0001498710;SPIRIT AIRLINES INC;Spirit Airlines Inc
SB;0001434754;SAFE BULKERS INC;Safe Bulkers Inc
SBAC;0001034054;SBA COMMUNICATIONS CORP;SBA Communications Corp
SBBP;0001634432;STRONGBRIDGE BIOPHARMA PLC;Strongbridge Biopharma PLC
SBCF;0000730708;SEACOAST BANKING CORP/FL;Seacoast Banking Corp of Flori
SBGI;0000912752;SINCLAIR BROADCAST GROUP -A;Sinclair Broadcast Group Inc
SBH;0001368458;SALLY BEAUTY HOLDINGS INC;Sally Beauty Holdings Inc
SBNY;0001288784;SIGNATURE BANK;Signature Bank/New York NY
SBOW;0000351817;SILVERBOW RESOURCES INC;SilverBow Resources Inc
SBRA;0001492298;SABRA HEALTH CARE REIT INC;Sabra Health Care REIT Inc
SBSI;0000705432;SOUTHSIDE BANCSHARES INC;Southside Bancshares Inc
SBT;0001680379;STERLING BANCORP INC/MI;Sterling Bancorp Inc/MI
SBUX;0000829224;STARBUCKS CORP;Starbucks Corp
SC;0001580608;SANTANDER CONSUMER USA HOLDI;Santander Consumer USA Holding
SCCO;0001001838;SOUTHERN COPPER CORP;Southern Copper Corp
SCG;0000754737;SCANA CORP;SCANA Corp
SCHL;0000866729;SCHOLASTIC CORP;Scholastic Corp
SCHN;0000912603;SCHNITZER STEEL INDS INC-A;Schnitzer Steel Industries Inc
SCHW;0000316709;SCHWAB (CHARLES) CORP;Charles Schwab Corp/The
SCI;0000089089;SERVICE CORP INTERNATIONAL;Service Corp International/US
SCL;0000094049;STEPAN CO;Stepan Co
SCPH;0001604950;SCPHARMACEUTICALS INC;scPharmaceuticals Inc
SCS;0001050825;STEELCASE INC-CL A;Steelcase Inc
SCSC;0000918965;SCANSOURCE INC;ScanSource Inc
SCVL;0000895447;SHOE CARNIVAL INC;Shoe Carnival Inc
SCWX;0001468666;SECUREWORKS CORP - A;SecureWorks Corp
SD;0001349436;SANDRIDGE ENERGY INC;SandRidge Energy Inc
SEAS;0001564902;SEAWORLD ENTERTAINMENT INC;SeaWorld Entertainment Inc
SEB;0000088121;SEABOARD CORP;Seaboard Corp
SEE;0001012100;SEALED AIR CORP;Sealed Air Corp
SEIC;0000350894;SEI INVESTMENTS COMPANY;SEI Investments Co
SELB;0001453687;SELECTA BIOSCIENCES INC;Selecta Biosciences Inc
SEM;0001320414;SELECT MEDICAL HOLDINGS CORP;Select Medical Holdings Corp
SEMG;0001489136;SEMGROUP CORP-CLASS A;SemGroup Corp
SEND;0001477425;SENDGRID INC;SendGrid Inc
SENEA;0000088948;SENECA FOODS CORP - CL A;Seneca Foods Corp
SERV;0001428875;SERVICEMASTER GLOBAL HOLDING;ServiceMaster Global Holdings
SF;0000720672;STIFEL FINANCIAL CORP;Stifel Financial Corp
SFBS;0001430723;SERVISFIRST BANCSHARES INC;ServisFirst Bancshares Inc
SFE;0000086115;SAFEGUARD SCIENTIFICS INC;Safeguard Scientifics Inc
SFL;0001289877;SHIP FINANCE INTL LTD;Ship Finance International Ltd
SFLY;0001125920;SHUTTERFLY INC;Shutterfly Inc
SFM;0001575515;SPROUTS FARMERS MARKET INC;Sprouts Farmers Market Inc
SFNC;0000090498;SIMMONS FIRST NATL CORP-CL A;Simmons First National Corp
SFS;0001563407;SMART & FINAL STORES INC;Smart & Final Stores Inc
SFST;0001090009;SOUTHERN FIRST BANCSHARES;Southern First Bancshares Inc
SGA;0000886136;SAGA COMMUNICATIONS INC-CL A;Saga Communications Inc
SGC;0000095574;SUPERIOR UNIFORM GROUP INC;Superior Uniform Group Inc
SGEN;0001060736;SEATTLE GENETICS INC;Seattle Genetics Inc
SGH;0001616533;SMART GLOBAL HOLDINGS INC;SMART Global Holdings Inc
SGMO;0001001233;SANGAMO THERAPEUTICS INC;Sangamo Therapeutics Inc
SGMS;0000750004;SCIENTIFIC GAMES CORP;Scientific Games Corp
SGRY;0001638833;SURGERY PARTNERS INC;Surgery Partners Inc
SGY;0000904080;STONE ENERGY CORP;Stone Energy Corp
SGYP;0001347613;SYNERGY PHARMACEUTICALS INC;Synergy Pharmaceuticals Inc
SHAK;0001620533;SHAKE SHACK INC - CLASS A;Shake Shack Inc
SHBI;0001035092;SHORE BANCSHARES INC;Shore Bancshares Inc
SHEN;0000354963;SHENANDOAH TELECOMMUNICATION;Shenandoah Telecommunications
SHLD;0001310067;SEARS HOLDINGS CORP;Sears Holdings Corp
SHLM;0000087565;SCHULMAN (A.) INC;A Schulman Inc
SHLO;0000904979;SHILOH INDUSTRIES INC;Shiloh Industries Inc
SHO;0001295810;SUNSTONE HOTEL INVESTORS INC;Sunstone Hotel Investors Inc
SHOO;0000913241;STEVEN MADDEN LTD;Steven Madden Ltd
SHW;0000089800;SHERWIN-WILLIAMS CO/THE;Sherwin-Williams Co/The
SIEN;0001551693;SIENTRA INC;Sientra Inc
SIFI;0001500213;SI FINANCIAL GROUP INC;SI Financial Group Inc
SIG;0000832988;SIGNET JEWELERS LTD;Signet Jewelers Ltd
SIGI;0000230557;SELECTIVE INSURANCE GROUP;Selective Insurance Group Inc
SIGM;0000790715;SIGMA DESIGNS INC;Sigma Designs Inc
SIR;0001537667;SELECT INCOME REIT;Select Income REIT
SIRI;0000908937;SIRIUS XM HOLDINGS INC;Sirius XM Holdings Inc
SITE;0001650729;SITEONE LANDSCAPE SUPPLY INC;SiteOne Landscape Supply Inc
SIVB;0000719739;SVB FINANCIAL GROUP;SVB Financial Group
SIX;0000701374;SIX FLAGS ENTERTAINMENT CORP;Six Flags Entertainment Corp
SJI;0000091928;SOUTH JERSEY INDUSTRIES;South Jersey Industries Inc
SJM;0000091419;JM SMUCKER CO/THE;JM Smucker Co/The
SJW;0000766829;SJW GROUP;SJW Group
SKT;0000899715;TANGER FACTORY OUTLET CENTER;Tanger Factory Outlet Centers
SKX;0001065837;SKECHERS USA INC-CL A;Skechers U.S.A. Inc
SKYW;0000793733;SKYWEST INC;SkyWest Inc
SLAB;0001038074;SILICON LABORATORIES INC;Silicon Laboratories Inc
SLB;0000087347;SCHLUMBERGER LTD;Schlumberger Ltd
SLCA;0001524741;US SILICA HOLDINGS INC;US Silica Holdings Inc
SLD;0001527590;SUTHERLAND ASSET MANAGEMENT;Sutherland Asset Management Co
SLDB;0001707502;SOLID BIOSCIENCES INC;Solid Biosciences Inc
SLG;0001040971;SL GREEN REALTY CORP;SL Green Realty Corp
SLGN;0000849869;SILGAN HOLDINGS INC;Silgan Holdings Inc
SLM;0001032033;SLM CORP;SLM Corp
SLP;0001023459;SIMULATIONS PLUS INC;Simulations Plus Inc
SM;0000893538;SM ENERGY CO;SM Energy Co
SMBC;0000916907;SOUTHERN MISSOURI BANCORP;Southern Missouri Bancorp Inc
SMBK;0001038773;SMARTFINANCIAL INC;SmartFinancial Inc
SMCI;0001375365;SUPER MICRO COMPUTER INC;Super Micro Computer Inc
SMG;0000825542;SCOTTS MIRACLE-GRO CO;Scotts Miracle-Gro Co/The
SMHI;0001690334;SEACOR MARINE HOLDINGS INC;SEACOR Marine Holdings Inc
SMMF;0000811808;SUMMIT FINANCIAL GROUP INC;Summit Financial Group Inc
SMP;0000093389;STANDARD MOTOR PRODS;Standard Motor Products Inc
SMTC;0000088941;SEMTECH CORP;Semtech Corp
SN;0001528837;SANCHEZ ENERGY CORP;Sanchez Energy Corp
SNA;0000091440;SNAP-ON INC;Snap-on Inc
SNBR;0000827187;SLEEP NUMBER CORP;Sleep Number Corp
SNCR;0001131554;SYNCHRONOSS TECHNOLOGIES INC;Synchronoss Technologies Inc
SND;0001529628;SMART SAND INC;Smart Sand Inc
SNDR;0001692063;SCHNEIDER NATIONAL INC-CL B;Schneider National Inc
SNDX;0001395937;SYNDAX PHARMACEUTICALS INC;Syndax Pharmaceuticals Inc
SNH;0001075415;SENIOR HOUSING PROP TRUST;Senior Housing Properties Trus
SNHY;0001024795;SUN HYDRAULICS CORP;Sun Hydraulics Corp
SNNA;0001656328;SIENNA BIOPHARMACEUTICALS IN;Sienna Biopharmaceuticals Inc
SNPS;0000883241;SYNOPSYS INC;Synopsys Inc
SNR;0001610114;NEW SENIOR INVESTMENT GROUP;New Senior Investment Group In
SNV;0000018349;SYNOVUS FINANCIAL CORP;Synovus Financial Corp
SNX;0001177394;SYNNEX CORP;SYNNEX Corp
SO;0000092122;SOUTHERN CO/THE;Southern Co/The
SOI;0001697500;SOLARIS OILFIELD INFRAST-A;Solaris Oilfield Infrastructur
SON;0000091767;SONOCO PRODUCTS CO;Sonoco Products Co
SONA;0001325670;SOUTHERN NATL BANCORP OF VA;Southern National Bancorp of V
SONC;0000868611;SONIC CORP;Sonic Corp
SP;0001059262;SP PLUS CORP;SP Plus Corp
SPA;0000092679;SPARTON CORP;Sparton Corp
SPAR;0000743238;SPARTAN MOTORS INC;Spartan Motors Inc
SPB;0001487730;SPECTRUM BRANDS HOLDINGS INC;Spectrum Brands Holdings Inc
SPG;0001063761;SIMON PROPERTY GROUP INC;Simon Property Group Inc
SPGI;0000064040;S&P GLOBAL INC;S&P Global Inc
SPKE;0001606268;SPARK ENERGY INC-CLASS A;Spark Energy Inc
SPLK;0001353283;SPLUNK INC;Splunk Inc
SPN;0000886835;SUPERIOR ENERGY SERVICES INC;Superior Energy Services Inc
SPOK;0001289945;SPOK HOLDINGS INC;Spok Holdings Inc
SPPI;0000831547;SPECTRUM PHARMACEUTICALS INC;Spectrum Pharmaceuticals Inc
SPR;0001364885;SPIRIT AEROSYSTEMS HOLD-CL A;Spirit AeroSystems Holdings In
SPRO;0001701108;SPERO THERAPEUTICS INC;Spero Therapeutics Inc
SPSC;0001092699;SPS COMMERCE INC;SPS Commerce Inc
SPTN;0000877422;SPARTANNASH CO;SpartanNash Co
SPWH;0001132105;SPORTSMAN'S WAREHOUSE HOLDIN;Sportsman's Warehouse Holdings
SPWR;0000867773;SUNPOWER CORP;SunPower Corp
SPXC;0000088205;SPX CORP;SPX Corp