HAS;0000046080;HASBRO INC;Hasbro Inc
HASI;0001561894;HANNON ARMSTRONG SUSTAINABLE;Hannon Armstrong Sustainable I
HAWK;0001411488;BLACKHAWK NETWORK HOLDINGS I;Blackhawk Network Holdings Inc
HAWKQ;0001452384;SEAHAWK DRILLING INC;Seahawk Drilling Inc/Old
HAXS;0000768892;BPO MANAGEMENT SERVICES INC;BPO Management Services Inc
HAYN;0000858655;HAYNES INTERNATIONAL INC;Haynes International Inc
HAYZQ;0000893670;HAYES LEMMERZ INTERNATIONAL;Hayes Lemmerz International In
HBAN;0000049196;HUNTINGTON BANCSHARES INC;Huntington Bancshares Inc/OH
HBB;0001709164;HAMILTON BEACH BRAND-A;Hamilton Beach Brands Holding
HBCP;0001436425;HOME BANCORP INC;Home Bancorp Inc
HBEK;0001008554;HUMBOLDT BANCORP;Humboldt Bancorp
HBHC;0000750577;HANCOCK HOLDING CO;Hancock Holding Co
HBI;0001359841;HANESBRANDS INC;Hanesbrands Inc
HBIO;0001123494;HARVARD BIOSCIENCE INC;Harvard Bioscience Inc
HBMD;0001390162;HOWARD BANCORP INC;Howard Bancorp Inc
HBNC;0000706129;HORIZON BANCORP INDIANA;Horizon Bancorp/IN
HBOS;0001493491;HERITAGE FINANCIAL GROUP INC;Heritage Financial Group Inc
HBP;0001093082;HUTTIG BUILDING PRODUCTS INC;Huttig Building Products Inc
HC;0000909413;EXTERRAN ENERGY LLC;Exterran Energy LLC
HCA;0000860730;HCA HEALTHCARE INC;HCA Healthcare Inc
HCBK;0000921847;HUDSON CITY BANCORP INC;Hudson City Bancorp Inc
HCC;0001691303;WARRIOR MET COAL INC;Warrior Met Coal Inc
HCCI;0001403431;HERITAGE-CRYSTAL CLEAN INC;Heritage-Crystal Clean Inc
HCD;0001373641;HIGHLAND DISTRESSED OPPORTUN;Highland Distressed Opportunit
HCHC;0001006837;HC2 HOLDINGS INC;HC2 Holdings Inc
HCI;0001400810;HCI GROUP INC;HCI Group Inc
HCKT;0001057379;HACKETT GROUP INC/THE;Hackett Group Inc/The
HCN;0000766704;WELLTOWER INC;Welltower Inc
HCOM;0001487986;HAWAIIAN TELCOM HOLDCO INC;Hawaiian Telcom Holdco Inc
HCOW;0001041255;HORIZON ORGANIC HOLDING CORP;Horizon Organic Holding Corp
HCP;0000765880;HCP INC;HCP Inc
HCR;0000878736;MANOR CARE INC;Manor Care Inc
HCSG;0000731012;HEALTHCARE SERVICES GROUP;Healthcare Services Group Inc
HCT;0001499875;AMERICAN REALTY CAPITAL HEAL;American Realty Capital Health
HD;0000354950;HOME DEPOT INC;Home Depot Inc/The
HDC;0000729533;HADCO CORP;Hadco Corp
HDD;0000709283;QUANTUM CORP-HARD DISK DRIVE;Quantum Corp - Hard Disk Drive
HDIX;0000884909;TRIVIDIA HEALTH INC;Trividia Health Inc
HDLM;0000314727;HANDLEMAN CO;Handleman Co
HDNG;0000313716;HARDINGE INC;Hardinge Inc
HDP;0001610532;HORTONWORKS INC;Hortonworks Inc
HDS;0001573097;HD SUPPLY HOLDINGS INC;HD Supply Holdings Inc
HDSN;0000925528;HUDSON TECHNOLOGIES INC;Hudson Technologies Inc
HDYN;0000937136;HYPERDYNAMICS CORP;Hyperdynamics Corp
HE;0000354707;HAWAIIAN ELECTRIC INDS;Hawaiian Electric Industries I
HEAR;0001493761;TURTLE BEACH CORP;Turtle Beach Corp
HEARZ;0001078693;HEARME INC;HearMe Inc
HEAT;0001384135;SMARTHEAT INC;SmartHeat Inc
HEB;0000946644;HEMISPHERX BIOPHARMA INC;Hemispherx Biopharma Inc
HEES;0001339605;H&E EQUIPMENT SERVICES INC;H&E Equipment Services Inc
HEI;0000046619;HEICO CORP;HEICO Corp
HEI/A;0000046619;HEICO CORP-CLASS A;HEICO Corp
HELE;0000916789;HELEN OF TROY LTD;Helen of Troy Ltd
HELIQ;0001586300;CHC GROUP LTD;CHC Group Ltd
HEOP;0000921547;HERITAGE OAKS BANCORP;Heritage Oaks Bancorp
HERBA;0000791449;HERBALIFE INTERNATIONAL-CL A;Herbalife International Inc
HERBB;0000791449;HERBALIFE INTERNATIONAL-CL B;Herbalife International Inc
HEROQ;0001330849;HERCULES OFFSHORE INC;Hercules Offshore Inc
HES;0000004447;HESS CORP;Hess Corp
HET;0000858339?;CAESARS ENTERTAINMENT CORP;Caesars Entertainment Corp/Old
HEVVQ;0000895642;ENER1 INC;Ener1 Inc
HEW;0001168478;AON HEWITT LLC;Aon Hewitt LLC
HF;0001380509;HFF INC-CLASS A;HFF Inc
HFC;0000048039;HOLLYFRONTIER CORP;HollyFrontier Corp
HFWA;0001046025;HERITAGE FINANCIAL CORP;Heritage Financial Corp/WA
HGEN;0001293310;HUMANIGEN INC;Humanigen Inc
HGGGQ;0001396279;HHGREGG INC;hhgregg Inc
HGIC;0000792013;HARLEYSVILLE GROUP INC;Harleysville Group Inc
HGRD;0001027915;HEALTHGRADES OPERATING CO IN;HealthGrades Operating Co Inc
HGSI;0000901219;HUMAN GENOME SCIENCES INC;Human Genome Sciences Inc
HGV;0001674168;HILTON GRAND VACATIONS INC;Hilton Grand Vacations Inc
HHC;0001498828;HOWARD HUGHES CORP/THE;Howard Hughes Corp/The
HHS;0000045919;HARTE-HANKS INC;Harte-Hanks Inc
HI;0001417398;HILLENBRAND INC;Hillenbrand Inc
HIB;0000047288;HIBERNIA CORP-CLASS A;Hibernia Corp
HIBB;0001017480;HIBBETT SPORTS INC;Hibbett Sports Inc
HIFN;0001065246;HI/FN INC;HI/FN Inc
HIFR;0001506401;INFRAREIT INC;InfraREIT Inc
HIG;0000874766;HARTFORD FINANCIAL SVCS GRP;Hartford Financial Services Gr
HII;0001501585;HUNTINGTON INGALLS INDUSTRIE;Huntington Ingalls Industries
HIIQ;0001561387;HEALTH INSURANCE INNOVATIO-A;Health Insurance Innovations I
HIL;0001287808;HILL INTERNATIONAL INC;Hill International Inc
HILL;0001042783;SEAGATE CLOUD SYSTEMS INC;Seagate Cloud Systems Inc
HITK;0000887497;HI-TECH PHARMACAL CO INC;Hi-Tech Pharmacal Co Inc
HITT;0001130866;HITTITE MICROWAVE CORP;Hittite Microwave Corp
HIVE;0001372414;AEROHIVE NETWORKS INC;Aerohive Networks Inc
HIW;0000921082;HIGHWOODS PROPERTIES INC;Highwoods Properties Inc
HK;0001282648;HALCON RESOURCES CORP;Halcon Resources Corp
HKFIQ;0000812906;HANCOCK FABRICS INC /DE;Hancock Fabrics Inc
HKNI;0000313478;HKN INC;HKN Inc
HL;0000719413;HECLA MINING CO;Hecla Mining Co
HLF;0001180262;HERBALIFE LTD;Herbalife Ltd
HLI;0001302215;HOULIHAN LOKEY INC;Houlihan Lokey Inc
HLIT;0000851310;HARMONIC INC;Harmonic Inc
HLMMQ;0001237941;HAYES LEMMERZ INTERNATIONAL;Hayes Lemmerz International In
HLNE;0001433642;HAMILTON LANE INC-CLASS A;Hamilton Lane Inc
HLS;0000785161;HEALTHSOUTH CORP;HealthSouth Corp
HLSSF;0001513161;HOME LOAN SERVICING SOLUTION;Home Loan Servicing Solutions
HLT;0001585689;HILTON WORLDWIDE HOLDINGS IN;Hilton Worldwide Holdings Inc
HLTH;0001409916;NOBILIS HEALTH CORP;Nobilis Health Corp
HLX;0000866829;HELIX ENERGY SOLUTIONS GROUP;Helix Energy Solutions Group I
HLYS;0001373980;HEELYS INC;Heelys Inc
HLYW;0000905895;HOLLYWOOD ENTERTAINMENT CORP;Hollywood Entertainment Corp
HM;0000743872;HOMESTAKE MINING;Homestake Mining Co
HMA;0000792985;HEALTH MANAGEMENT ASSOCIATES;Health Management Associates L
HMBNQ;0001283683;HOMEBANC CORP/GA;HomeBanc Corp/GA
HME;0000923118;HOME PROPERTIES INC;Home Properties Inc
HMHC;0001580156;HOUGHTON MIFFLIN HARCOURT CO;Houghton Mifflin Harcourt Co
HMLOQ;0000891285;HA-LO INDUSTRIES INC;Halo Industries Inc
HMN;0000850141;HORACE MANN EDUCATORS;Horace Mann Educators Corp
HMST;0001518715;HOMESTREET INC;HomeStreet Inc
HMSY;0001196501;HMS HOLDINGS CORP;HMS Holdings Corp
HMTV;0001567345;HEMISPHERE MEDIA GROUP INC;Hemisphere Media Group Inc
HMYRQ;0000046601;AUGUSTA FURNITURE CO INC;Augusta Furniture Co Inc
HNBC;0000702902;HARLEYSVILLE NATIONAL CORP;Harleysville National Corp
HNCS;0000945093;HNC SOFTWARE LLC;HNC Software LLC
HNGR;0000722723;HANGER INC;Hanger Inc
HNH;0000106618;HANDY & HARMAN LTD;Handy & Harman Ltd
HNI;0000048287;HNI CORP;HNI Corp
HNNA;0001145255;HENNESSY ADVISORS INC;Hennessy Advisors Inc
HNR;0000845289;HARVEST NATURAL RESOURCES IN;Harvest Natural Resources Inc
HNRG;0000788965;HALLADOR ENERGY CO;Hallador Energy Co
HNSN;0001276591;HANSEN MEDICAL INC;Hansen Medical Inc
HNT;0000916085;HEALTH NET INC/OLD;Health Net Inc/Old
HNVD;0000320333;HANOVER DIRECT INC;Hanover Direct Inc
HNZ;0000046640;KRAFT HEINZ FOODS CO;Kraft Heinz Foods Co
HOFF;0001051431;HORIZON OFFSHORE INC;Horizon Offshore Inc
HOFT;0001077688;HOOKER FURNITURE CORP;Hooker Furniture Corp
HOG;0000793952;HARLEY-DAVIDSON INC;Harley-Davidson Inc
HOGS;0001277092;ZHONGPIN INC;Zhongpin Inc
HOKUQ;0001178336;HOKU CORP;Hoku Corp
HOLL;0000912544;HOLLYWOOD MEDIA CORP;Hollywood Media Corp
HOLX;0000859737;HOLOGIC INC;Hologic Inc
HOMB;0001331520;HOME BANCSHARES INC;Home BancShares Inc/AR
HOME;0001646228;AT HOME GROUP INC;At Home Group Inc
HOMG;0001100408;HOMEGROCER.COM INC;HomeGrocer.com Inc
HON;0000773840;HONEYWELL INTERNATIONAL INC;Honeywell International Inc
HONE;0001668224;HARBORONE BANCORP INC;HarborOne Bancorp Inc
HOPE;0001128361;HOPE BANCORP INC;Hope Bancorp Inc
HORC;0000935007;HORIZON HEALTH CORP;Horizon Health Corp
HORTQ;0001003515;HINES HORTICULTURE INC;Hines Horticulture Inc
HOS;0001131227;HORNBECK OFFSHORE SERVICES;Hornbeck Offshore Services Inc
HOT;0000316206;STARWOOD HOTELS & RESORTS WO;Starwood Hotels & Resorts Worl
HOTT;0001017712;HOT TOPIC INC;Hot Topic Inc
HOV;0000357294;HOVNANIAN ENTERPRISES-A;Hovnanian Enterprises Inc
HP;0000046765;HELMERICH & PAYNE;Helmerich & Payne Inc
HPC;0000046989;HERCULES LLC;Hercules LLC
HPE;0001645590;HEWLETT PACKARD ENTERPRISE;Hewlett Packard Enterprise Co
HPHW;0000741815;HOOPER HOLMES INC;Hooper Holmes Inc
HPLA;0001121980;HPL TECHNOLOGIES INC;HPL Technologies Inc
HPOL;0001094238;NIELSEN CONSUMER INSIGHTS IN;Nielsen Consumer Insights Inc
HPOW;0001094959;H POWER CORP;H Power Corp
HPP;0001482512;HUDSON PACIFIC PROPERTIES IN;Hudson Pacific Properties Inc
HPQ;0000047217;HP INC;HP Inc
HPT;0000945394;HOSPITALITY PROPERTIES TRUST;Hospitality Properties Trust
HPTX;0001386858;HORIZON THERAPEUTICS LLC;Horizon Therapeutics LLC
HPY;0001144354;HEARTLAND PAYMENT SYSTEMS IN;Heartland Payment Systems Inc
HQSM;0000857073;HQ SUSTAINABLE MARITIME INDU;HQ Sustainable Maritime Indust
HQY;0001428336;HEALTHEQUITY INC;HealthEquity Inc
HR;0000899749;HEALTHCARE REALTY TRUST INC;Healthcare Realty Trust Inc
HRB;0000012659;H&R BLOCK INC;H&R Block Inc
HRBC;0000947116;HARBINGER CORP;Harbinger Corp
HRBN;0001266719;HARBIN ELECTRIC INC;Harbin Electric Inc
HRBR;0000899394;HARBOR DIVERSIFIED INC;Harbor Diversified Inc
HRBT;0001057007;HUDSON RIVER BANCORP;Hudson River Bancorp Inc
HRC;0000047518;HILL-ROM HOLDINGS INC;Hill-Rom Holdings Inc
HRG;0000109177;HRG GROUP INC;HRG Group Inc
HRH;0000814898;HILB ROGAL & HOBBS CO;Hilb Rogal & Hobbs Co
HRI;0001364479;HERC HOLDINGS INC;Herc Holdings Inc
HRL;0000048465;HORMEL FOODS CORP;Hormel Foods Corp
HRLY;0000047035;HERLEY INDUSTRIES INC;Herley Industries Inc
HRS;0000202058;HARRIS CORP;Harris Corp
HRTG;0001598665;HERITAGE INSURANCE HOLDINGS;Heritage Insurance Holdings In
HRTX;0000818033;HERON THERAPEUTICS INC;Heron Therapeutics Inc
HRZB;0001002682;HORIZON FINANCIAL CORP;Horizon Financial Corp
HRZL;0001302707;MATSON ALASKA INC;Matson Alaska Inc
HRZN;0001487428;HORIZON TECHNOLOGY FINANCE C;Horizon Technology Finance Cor
HSAC;0001075244;HIGH SPEED ACCESS CORP;High Speed Access Corp
HSC;0000045876;HARSCO CORP;Harsco Corp
HSE;0000869295;KERR-MCGEE ROCKY MOUNTAIN;Kerr-McGee Rocky Mountain Corp
HSH;0000023666;HILLSHIRE BRANDS CO/THE;Hillshire Brands Co/The
HSIC;0001000228;HENRY SCHEIN INC;Henry Schein Inc
HSII;0001066605;HEIDRICK & STRUGGLES INTL;Heidrick & Struggles Internati
HSKA;0001038133;HESKA CORP;Heska Corp
HSNI;0001434729;HSN INC;HSN Inc
HSOA;0000855424;HOME SOLUTIONS OF AMERICA IN;Home Solutions of America Inc
HSON;0001210708;HUDSON GLOBAL INC;Hudson Global Inc
HSP;0001274057;HOSPIRA INC;Hospira Inc
HST;0001070750;HOST HOTELS & RESORTS INC;Host Hotels & Resorts Inc
HSTG;0000070412;HOLOGRAPHIC STORAGE LTD;Holographic Storage Ltd
HSTM;0001095565;HEALTHSTREAM INC;HealthStream Inc
HSY;0000047111;HERSHEY CO/THE;Hershey Co/The
HT;0001063344;HERSHA HOSPITALITY TRUST;Hersha Hospitality Trust
HTA;0001360604;HEALTHCARE TRUST OF AME-CL A;Healthcare Trust of America In
HTBI;0001538263;HOMETRUST BANCSHARES INC;HomeTrust Bancshares Inc
HTBK;0001053352;HERITAGE COMMERCE CORP;Heritage Commerce Corp
HTCH;0000772897;HUTCHINSON TECH;Hutchinson Technology Inc
HTGC;0001280784;HERCULES CAPITAL INC;Hercules Capital Inc
HTH;0001265131;HILLTOP HOLDINGS INC;Hilltop Holdings Inc
HTHEQ;0000850316;HOUSE2HOME INC;House2Home Inc
HTHR;0000046267;HAWTHORNE FINL CORP;Hawthorne Financial Corp
HTLD;0000799233;HEARTLAND EXPRESS INC;Heartland Express Inc
HTLF;0000920112;HEARTLAND FINANCIAL USA INC;Heartland Financial USA Inc
HTM;0001172136;US GEOTHERMAL INC;US Geothermal Inc
HTMXQ;0000723371;XMH CORP 1;XMH Corp 1
HTRN;0001018871;HEALTHTRONICS INC;HealthTronics Inc
HTS;0001419521;HATTERAS FINANCIAL CORP;Hatteras Financial Corp
HTSI;0000085704;HARRIS TEETER SUPERMARKETS;Harris Teeter Supermarkets Inc
HTV;0000949536;HEARST TELEVISION INC;Hearst Television Inc